episode,seed,steps,total_reward,coverage_fraction,valid_action_fraction,reward_exploration,reward_coverage,reward_collision_avoidance,reward_boundary,reward_dynamic_obstacle_avoidance,reward_uav_separation,reward_mission_completion,reward_energy_efficiency,collisions_uav_uav,collisions_uav_static_obstacle,collisions_uav_dynamic_obstacle,collisions_uav_boundary
1,42,500,-594693.2472045028,0.527363184079602,0.06866666666666667,1078.8344948473703,52555.95994878375,-10500.0,-574984.2800000036,-1116.219790272972,-53001.42348056677,0.0,-8726.118377293751,116,9,6,1103
2,43,500,-614444.6967501695,0.5343137254901961,0.07066666666666667,1031.7402277214571,54485.43134093556,-14400.0,-582560.470000003,-1595.3346536123538,-62747.9977727958,0.0,-8658.065892418881,138,18,3,1123
3,44,500,-406096.39847210096,0.67,0.08733333333333333,1633.9521292007255,51445.72629313819,-8300.0,-407358.45999999985,-777.5985574209699,-33776.0832521276,0.0,-8963.93508489093,74,8,0,879
1,42,500,-340806.99160018645,0.46766169154228854,0.06066666666666667,932.8374388840098,49635.45452055456,-6450.0,-271323.7300000017,-1121.5163753374188,-103729.44729251218,0.0,-8750.589891775098,232,6,1,1240
2,43,500,-220534.86713644618,0.7450980392156863,0.09933333333333333,1385.544300202945,68115.06035076929,-18500.0,-203225.11000000086,-978.7434255847221,-58700.34300091405,0.0,-8631.275360919532,132,20,1,910
3,44,500,-180746.44632436926,0.595,0.07733333333333334,1532.4498182982068,45340.786188103484,-16600.0,-169882.26999999993,-1413.9790766739238,-30769.73329093162,0.0,-8953.699963165007,68,19,1,901
4,45,500,-180442.87761754924,0.7425742574257426,0.098,1615.742691008008,64718.24248740229,-20850.0,-189263.2100000001,-1778.6712505672153,-26236.670665038586,0.0,-8648.310880353547,56,30,2,864
5,46,500,-204376.25419181815,0.65,0.08466666666666667,1263.2734679396087,57392.31313379095,-23150.0,-198911.5100000006,-1377.7180211249818,-30459.581101768676,0.0,-9133.031670654844,66,14,1,967
6,47,500,-552804.5666449254,0.39901477832512317,0.052,795.3745200909295,45217.87850835612,-4300.0,-287534.6100000015,-1657.7327868836733,-296520.06076812017,0.0,-8805.416118369067,674,4,2,1324
7,48,500,-416448.16046740866,0.5671641791044776,0.074,1003.6260626396668,54762.2259950196,-13050.0,-245148.23000000065,-841.1150703343072,-203966.36668940453,0.0,-9208.300765328777,462,15,0,1164
8,49,500,-272237.02186467586,0.585,0.076,1039.0069018521306,59106.87036129794,-12950.0,-250712.8500000004,-1239.817858821078,-58329.61149166819,0.0,-9150.619777336646,130,11,2,1108
9,50,500,-215150.5624624733,0.71,0.09266666666666666,1247.5138772102682,64944.10865398713,-14150.0,-221433.95000000056,-3866.8637639551503,-33209.65398108629,0.0,-8681.717248629011,68,14,6,1033
10,51,500,-248170.11852436833,0.6467661691542289,0.08466666666666667,1226.1589441099877,61720.77313379085,-9500.0,-242399.25000000055,-3504.0007986658748,-46724.67644405529,0.0,-8989.123359547735,102,11,6,1110
11,52,500,-236021.27529857846,0.6616915422885572,0.08666666666666667,1199.664117138937,63551.72300955588,-10450.0,-243875.44000000085,-1549.1522811653822,-36426.64322393742,0.0,-8471.426920170352,82,10,2,1134
12,53,500,-214836.69496855172,0.5911330049261084,0.078,1540.8524966159118,52952.65618810335,-13750.0,-215148.24000000017,-1669.695631003433,-30128.750185254918,0.0,-8633.517837012496,64,16,2,1047
13,54,500,-334067.1270963097,0.495,0.064,691.8626093576712,54227.98821356077,-7000.0,-280335.97000000154,-4843.119900550305,-88154.18303573124,0.0,-8653.704982946407,198,7,6,1241
14,55,500,-347186.19150546956,0.5247524752475248,0.06866666666666667,1282.2234584166674,45331.47994878385,-4550.0,-228420.3500000005,-1438.5883979321475,-150342.0589774198,0.0,-9048.897537317604,336,2,1,1199
15,56,500,-406053.6755081268,0.594059405940594,0.078,987.1274748377951,60021.43618810322,-6050.0,-262115.57000000123,-2879.4619956317997,-186549.60500063738,0.0,-9467.602174798685,422,5,3,1205
16,57,500,-559947.8348094635,0.5148514851485149,0.06733333333333333,751.5192518534994,56902.841727759405,-8600.0,-287335.29000000155,-921.4780276111525,-311576.9075902961,0.0,-9168.52017116889,706,5,1,1318
17,58,500,-251224.1525851308,0.385,0.04933333333333333,2048.357598384921,22589.190862029533,-4650.0,-194872.07000000033,-721.7974786367033,-66612.13140234671,0.0,-9005.702164561482,148,6,1,1231
18,59,500,-436106.17611535697,0.6666666666666666,0.08733333333333333,1341.1552418638853,66424.06629313796,-27800.0,-248001.2900000011,-877.648107514985,-218084.485082602,0.0,-9107.974460241601,488,26,0,1166
19,60,500,-263298.40577550116,0.6798029556650246,0.09,1440.3687346527886,62775.49094942516,-10500.0,-233583.6100000017,-2652.4654798301494,-71999.40752948461,0.0,-8778.782450264267,154,9,4,1160
20,61,500,-578730.0620217808,0.155,0.018666666666666668,333.5933157007661,24072.898828217956,-1450.0,-318389.70000000217,-1607.1268749913513,-272478.42747575836,0.0,-9211.299814950047,610,1,2,1416
21,62,500,-373971.5953624872,0.305,0.03866666666666667,367.74088126860204,38981.23391097729,-1750.0,-305655.69000000204,-143.947789752863,-97335.3975524361,0.0,-8435.53481254436,218,1,0,1356
22,63,500,-234411.61800508652,0.39901477832512317,0.052,1474.9210340866105,40453.45850835623,-3150.0,-258409.45000000135,-506.2086062159869,-5414.2702731632635,0.0,-8860.06866815013,12,3,0,1221
23,64,500,-434423.50295600924,0.4158415841584158,0.054,1553.0827821880498,34315.43372854024,-20450.0,-219524.4400000008,-4921.68026667816,-216280.8680665612,0.0,-9115.031133497667,480,5,7,1272
24,65,500,-567363.3115485009,0.48756218905472637,0.06333333333333334,1103.126293690495,45887.2154862882,-8350.0,-232041.4300000006,-1783.6778167887474,-362686.90574630484,0.0,-9491.639765385898,828,7,3,1082
25,66,500,-200956.8504600321,0.6268656716417911,0.082,1449.509095360339,59470.796146719935,-13550.0,-233043.47000000067,-957.256936129484,-5484.286365826768,0.0,-8842.14240015594,12,14,1,1082
26,67,500,-214021.518665684,0.6683168316831684,0.088,1513.3037841032651,58926.39295980473,-20200.0,-214591.09999999992,-2267.382246826261,-28492.893781895513,0.0,-8909.839380870153,64,25,3,1090
27,68,500,-404005.44024861633,0.4626865671641791,0.06,993.7261264171062,45837.26686098013,-10300.0,-234651.630000001,-1659.228483263516,-194905.11234544314,0.0,-9320.46240730668,430,7,1,1036
28,69,500,-436008.0234489714,0.47029702970297027,0.06133333333333333,1764.4347923899354,40104.91873108104,-17800.0,-204708.11000000066,-3570.182106578276,-243073.1923656905,0.0,-8725.892500173471,544,10,4,1054
29,70,500,-447437.65838917415,0.2623762376237624,0.03333333333333333,867.2399374015935,32059.771322369787,-11950.0,-285185.63000000134,-1138.9919964542519,-172917.28817884397,0.0,-9172.759473647478,382,16,2,1295
30,71,500,-205678.4461731149,0.5422885572139303,0.07066666666666667,2053.261648838022,46669.291340935706,-15450.0,-227033.28000000014,-3469.769500317397,0.0,0.0,-8447.94966257116,0,3,6,1285
31,72,500,-795449.6787042159,0.33,0.042,1214.9451373195695,28506.05908527905,-7000.0,-238980.21000000066,-152.31271575545162,-569957.7810455146,0.0,-9080.379165543942,1300,4,0,1240
32,73,500,-546548.9123864158,0.24378109452736318,0.030666666666666665,759.7571670217803,30658.942461446022,-5000.0,-299692.4300000016,-1542.3352471097212,-262515.98206163733,0.0,-9216.864706136923,586,5,2,1393
33,74,500,-822534.5826723146,0.3383084577114428,0.043333333333333335,610.1827852945653,40833.37741714889,-6600.0,-290543.45000000176,-597.7766933726464,-557225.8187316037,0.0,-9011.097449780942,1274,6,1,1295
34,75,500,-326229.4669922411,0.265,0.03333333333333333,1757.097054396372,18109.05132236966,-2800.0,-229738.04000000082,-265.74492190768814,-104187.20406926789,0.0,-9104.626377831664,228,1,0,1279
35,76,500,-384211.7445419647,0.52,0.06733333333333333,1295.5486590868359,52512.10172775946,-18550.0,-250350.9500000008,-3894.7951534623035,-156276.23567309685,0.0,-8947.414102252164,348,7,6,1196
36,77,500,-406345.76508412213,0.48,0.062,890.0747193341867,50129.51623108088,-12700.0,-256092.44000000125,-440.4905462943889,-179172.00331732287,0.0,-8960.422170919888,398,13,0,1125
37,78,500,-230532.2317342741,0.5198019801980198,0.068,946.5778584375716,50292.27315633091,-33950.0,-215785.65000000063,-3111.518307271629,-19895.9688461814,0.0,-9027.945595589244,40,44,4,960
38,79,500,-426560.95907926955,0.5572139303482587,0.07266666666666667,1248.9821567011502,48001.7153476047,-23150.0,-209051.65000000113,-1555.6939781352091,-233540.37771013405,0.0,-8513.934895306304,530,8,2,1148
39,80,500,-162487.7571860041,0.6089108910891089,0.08,1980.7988679734963,50997.89359925461,-7950.0,-186480.9000000001,-3154.0527664056094,-8762.061806552578,0.0,-9119.435080273894,16,3,4,883
40,81,500,-396054.7984708149,0.5,0.06466666666666666,1353.2036154844009,45285.336213560964,-21300.0,-227669.33000000063,-168.90412279906974,-184899.91045566098,0.0,-8655.19372140024,418,9,0,1200
41,82,500,-319234.5448655695,0.5024875621890548,0.06533333333333333,1193.362592235504,47240.97383732328,-4650.0,-232668.64000000083,-1576.7787637841095,-119664.92262210933,0.0,-9108.53990923436,264,3,1,1070
42,83,500,-651296.5026195056,0.527363184079602,0.06866666666666667,858.7776583359281,55950.219948783684,-4600.0,-274929.17000000144,-878.3109485119337,-418344.05977592524,0.0,-9353.959502187974,952,4,1,1236
43,84,500,-465743.27534458914,0.47058823529411764,0.062,908.2513892850241,52309.31623108083,-18650.0,-270828.49000000145,-290.23173520048283,-220105.5014279674,0.0,-9086.61980178694,486,26,0,1201
44,85,500,-239205.50816468042,0.6069651741293532,0.07933333333333334,1439.78440992515,58054.42189193744,-10750.0,-241146.87000000066,-2797.278141284746,-35000.14033815307,0.0,-9005.42598710512,76,10,4,1136
45,86,500,-566708.0979868374,0.5594059405940595,0.07333333333333333,991.8841760972678,56395.7891529143,-11250.0,-246635.30000000107,-2274.247878321952,-354902.7163438094,0.0,-9033.507093717386,794,12,3,1090
46,87,500,-325689.31412895507,0.1188118811881188,0.014,1110.379007288534,12254.044733746021,-1150.0,-292950.2600000015,-16.481285337868947,-36238.73616522543,0.0,-8698.26041942602,80,1,0,1446
47,88,500,-245919.6211373585,0.69,0.09,1593.7112423359843,58509.31094942523,-21650.0,-194104.0300000007,-4212.727411552499,-77041.02055036482,0.0,-9014.865367202206,172,23,6,977
48,89,500,-241676.77587111652,0.5784313725490197,0.07666666666666666,1654.3290115177167,53142.71375112856,-9800.0,-234856.40000000043,-1973.2534635127108,-41030.38199590808,0.0,-8813.78317434183,92,11,2,1190
49,90,500,-327620.3754973202,0.4577114427860697,0.059333333333333335,2155.2429738930036,33443.618473883405,-26700.0,-181097.91999999995,-3443.5098167555734,-142874.14298637834,0.0,-9103.664141962736,312,18,4,1082
50,91,500,-186013.7212803842,0.695,0.09066666666666667,1161.8072282946569,64742.8482156122,-23000.0,-217456.4000000005,-2245.6477987324092,0.0,0.0,-9216.328925558522,0,17,2,1012
51,92,500,-168384.12404338716,0.7673267326732673,0.10133333333333333,997.1859726157244,70732.35311106403,-11750.0,-218512.18000000066,-945.1466090496212,0.0,0.0,-8906.336518017213,0,14,0,972
52,93,500,-226654.89320979008,0.645320197044335,0.08533333333333333,1259.751336338278,59175.98259943976,-37000.0,-205123.07000000036,-2537.1572837812555,-33615.912606270795,0.0,-8814.48725551586,68,58,3,931
53,94,500,-234147.7003782405,0.715,0.09333333333333334,2059.9819412542547,57505.7420805607,-19750.0,-166461.8599999999,-584.0462764470642,-98092.56918484542,0.0,-8824.948938762678,218,19,0,829
54,95,500,-229338.5298097604,0.74,0.09666666666666666,1576.7436146383045,61538.13746726813,-20200.0,-180771.38000000015,-1315.6713454130766,-81070.02503018719,0.0,-9096.334516066141,174,19,1,898
55,96,500,-583190.5394431814,0.5124378109452736,0.06666666666666667,1357.612078030553,45389.27326622111,-8150.0,-210775.45000000056,-3366.021262000644,-398427.4516178594,0.0,-9218.50190757335,906,5,3,988
56,97,500,-270922.12112456333,0.23383084577114427,0.029333333333333333,1441.0623043154224,8657.202971650056,-6600.0,-215478.1900000011,-2151.3451206179584,-48149.01956669546,0.0,-8641.831713215657,106,9,2,1391
57,98,500,-544914.5990761082,0.39,0.05,597.3150364726282,45460.715477413774,-3500.0,-292195.15000000165,-416.1862405118464,-285076.28296877077,0.0,-9785.010380712187,652,5,0,1293
58,99,500,-595033.983070601,0.15346534653465346,0.018666666666666668,298.33792095230723,24384.298828217954,-3350.0,-317889.7000000021,-2579.882449309245,-286722.406229652,0.0,-9174.631140810587,650,2,4,1406
59,100,500,-245470.6839943067,0.29064039408866993,0.037333333333333336,1379.990560839453,25290.294238846305,-2950.0,-259611.4999999987,-424.2713370531702,0.0,0.0,-9155.197456939117,0,4,0,1405
60,101,500,-159810.77290677308,0.7562189054726368,0.09933333333333333,1818.933305576018,64720.800350769336,-32300.0,-170668.65999999997,-1486.3107808146578,-13624.426981466497,0.0,-8271.108800837095,30,26,2,816
61,102,500,-366733.80583981413,0.815,0.10666666666666667,1212.5213704065634,74149.05197865608,-11700.0,-222734.63000000076,-1566.5161844579213,-197668.2198104115,0.0,-8426.013194007037,452,9,2,1039
62,103,500,-432191.80600598163,0.33497536945812806,0.043333333333333335,1342.9002076190632,33079.517417149036,-20800.0,-235863.20000000077,-99.77174139459594,-201064.70422973818,0.0,-8786.547659617103,446,13,0,1151
63,104,500,-430219.8145389985,0.4900990099009901,0.064,1032.4282138312324,49681.548213560876,-3350.0,-250738.0200000012,-2111.346503729202,-215644.47396420926,0.0,-9089.950498451944,484,2,3,1105
64,105,500,-153311.26210230883,0.72,0.094,1621.4617545223423,61152.86708056067,-16000.0,-189282.26000000082,-1959.1986983917186,0.0,0.0,-8844.13223899977,0,16,2,911
65,106,500,-254405.82257993912,0.83,0.10866666666666666,1376.2151272519004,73549.60608225456,-16350.0,-207023.07000000073,-1585.1604968560275,-95514.1683455538,0.0,-8859.244947035588,218,18,1,959
66,107,500,-237950.83419379714,0.5920398009950248,0.07733333333333334,1553.1380241186107,52627.54618810337,-7700.0,-215127.15000000005,-954.2581107862526,-59626.904454742646,0.0,-8723.20584049027,132,8,1,1021
67,108,500,-271024.4263209651,0.527363184079602,0.06866666666666667,1168.4851185584725,50127.039948783786,-15450.0,-239137.35000000102,-971.3039494362762,-57848.13326755178,0.0,-8913.16417131914,128,9,1,1183
68,109,500,-470068.1931329883,0.5124378109452736,0.06666666666666667,1515.2759239375284,51305.87326622097,-32000.0,-236667.96000000092,-1714.2347410024856,-243205.38104758522,0.0,-9301.766534558876,544,32,2,1119
69,110,500,-250542.4506282474,0.765,0.1,1321.1386491684686,65593.53446841642,-10100.0,-206138.0400000002,-2667.118107061112,-89739.61439363286,0.0,-8812.351245137921,202,8,4,1035
70,111,500,-532586.7353042777,0.4975124378109453,0.06466666666666666,1284.317854061181,45067.35621356096,-11350.0,-229831.23000000094,-2416.653589215165,-325924.18492773786,0.0,-9416.340854946342,746,13,2,1139
71,112,500,-549412.260476523,0.28,0.035333333333333335,1107.9186532954122,29510.370326698878,-14800.0,-269078.1600000014,-1978.9170781995897,-284925.8733764391,0.0,-9247.59900187806,642,1,1,1373
72,113,500,-186181.347400558,0.7114427860696517,0.09333333333333334,1623.2383002719137,61273.682080560604,-33850.0,-177350.97000000003,-4842.77491041162,-24046.758886552314,0.0,-8987.763984426405,52,40,7,830
73,114,500,-445939.16480382753,0.63,0.082,1209.4256436646765,61681.73614671992,-9750.0,-256232.5800000012,-204.71534860540814,-233415.4785157056,0.0,-9227.552729900737,528,9,0,1210
74,115,500,-229389.44335681782,0.505,0.06533333333333333,1821.302556237941,44033.553837323365,-9750.0,-221721.71000000028,-3428.2413583303332,-32019.301032531548,0.0,-8325.047359516964,70,6,5,1118
75,116,500,-566274.4760677852,0.35,0.04466666666666667,667.161205265846,40916.55716870169,-5500.0,-293063.8600000016,-926.9841220181731,-299228.41785446,0.0,-9138.932465275198,676,4,1,1348
76,117,500,-191539.53015654732,0.615,0.08,1260.5835064000812,51932.093599254666,-13600.0,-200957.77000000046,-1629.7430664379374,-19409.837818181662,0.0,-9134.85637758203,40,10,2,1012
77,118,500,-542760.5972879387,0.495,0.064,975.1872754352631,53262.64821356081,-12000.0,-271253.6600000014,-1252.0766345846412,-303239.446082003,0.0,-9253.250060347118,690,15,2,1210
78,119,500,-200125.04092334892,0.6865671641791045,0.09,1353.3049207903875,63553.99094942518,-17400.0,-221660.48000000106,-1440.05957542227,-15654.648395398166,0.0,-8877.148822743784,34,21,2,1030
79,120,500,-453761.29561739345,0.6766169154228856,0.08866666666666667,1588.5847662638569,61393.12884215763,-18800.0,-214323.75000000067,-2351.2477836145176,-272256.06710200215,0.0,-9011.944340198184,610,14,3,1043
80,121,500,-337990.8027983044,0.59,0.07666666666666666,1662.8124521807945,45887.09375112866,-10050.0,-197216.95999999985,-867.8590023737946,-168722.90423849307,0.0,-8682.98576074697,382,12,1,1089
81,122,500,-233666.99816915512,0.665,0.08666666666666667,1881.036379386343,49258.46300955611,-14100.0,-154741.46000000008,-3234.343789588447,-103876.67936606347,0.0,-8854.014402445298,234,6,4,868
82,123,500,-452824.20016305504,0.595,0.07733333333333334,1325.0456114012825,58263.88618810323,-12050.0,-242852.99000000104,-1097.3869987659798,-246932.86533378027,0.0,-9479.889630012985,562,8,0,1113
83,124,500,-621408.9770033065,0.23880597014925373,0.03,570.252607841449,31835.337971650068,-3500.0,-310127.1200000019,-56.692743726912894,-330919.6300663722,0.0,-9211.124772698251,746,2,0,1423
84,125,500,-149331.85585006743,0.6517412935323383,0.08533333333333333,1745.215664158349,51951.50259943992,-14150.0,-178565.93999999997,-902.8745401242717,-808.863754085673,0.0,-8600.895819455342,0,17,1,919
85,126,500,-669732.8009481758,0.527363184079602,0.06866666666666667,1131.428381435573,51715.1799487837,-4600.0,-252106.05000000118,-3710.162453314015,-452860.5264958351,0.0,-9302.670329245762,1034,4,5,1181
86,127,500,-296525.19031228573,0.46766169154228854,0.06066666666666667,1395.8072945105398,45742.95452055462,-8050.0,-253376.1200000009,-906.0598874596993,-72576.34240933848,0.0,-8755.429830552228,158,7,1,1233
87,128,500,-323611.833950031,0.545,0.07066666666666667,1030.6157139731747,48973.651340935656,-9750.0,-222555.0400000003,-1196.1636174775485,-131100.86239139902,0.0,-9014.03499606318,298,9,1,1072
88,129,500,-385330.31239739724,0.4129353233830846,0.05333333333333334,1491.2407399806555,41687.41944282578,-23150.0,-240025.10000000105,-2628.196978684791,-153917.38069750817,0.0,-8788.294904010398,344,29,2,1096
89,130,500,-170997.5366726171,0.6915422885572139,0.09066666666666667,1677.8898503186497,56615.30821561236,-34750.0,-151460.50000000012,-2309.701517948374,-31976.224432192896,0.0,-8794.308788406517,66,43,2,682
90,131,500,-320525.2917191789,0.6435643564356436,0.08466666666666667,1147.4576138457867,59011.59313379089,-25550.0,-218321.71000000063,-1182.0451998610972,-126674.88388473302,0.0,-8955.703382221114,282,23,1,1089
91,132,500,-396702.4523594748,0.24,0.03,786.7924265023213,27320.037971650152,-5300.0,-286276.7900000016,-234.12795984930335,-124147.66136579629,0.0,-8850.703431981345,280,5,0,1375
92,133,500,-568262.9857229982,0.3217821782178218,0.04133333333333333,904.584529982775,37224.909994369766,-3750.0,-281708.7600000014,-116.94735211388769,-311628.55411685136,0.0,-9188.218778385106,710,3,0,1269
93,134,500,-388499.1589838989,0.33,0.042,757.057443840727,39093.65908527884,-2100.0,-292591.7500000017,-647.5633294524999,-123701.95432009237,0.0,-9308.607863473393,280,0,0,1326
94,135,500,-495594.4185705276,0.41,0.05266666666666667,1323.553135050701,41958.45606933181,-4600.0,-269463.8700000014,-2160.2098447035864,-253559.38307515325,0.0,-9092.964855053448,576,4,3,1294
95,136,500,-183762.12081212274,0.681592039800995,0.08933333333333333,1408.2742885834568,61928.799645077364,-17350.0,-219075.4500000003,-2085.759914604903,0.0,0.0,-8587.984831178412,0,13,3,1068
96,137,500,-558075.5542829355,0.4079601990049751,0.05266666666666667,879.6420325019797,44449.65606933178,-7850.0,-275999.24000000133,-385.0917292649835,-309739.4408778399,0.0,-9431.079777664501,702,5,0,1280
97,138,500,-230502.57108405393,0.57,0.074,2383.4146017767957,38320.30599501991,-18250.0,-156151.6699999999,-615.0412541862167,-87387.21844167048,0.0,-8802.361984993373,188,13,1,985
98,139,500,-404974.1315784083,0.675,0.088,1374.7839785046692,56964.572959804784,-16100.0,-201653.69000000015,-275.45375362724394,-235863.5394970831,0.0,-9420.805266007284,534,11,0,1057
99,140,500,-574704.5946748714,0.2871287128712871,0.03666666666666667,1203.7004855220168,30695.407459185248,-2300.0,-270068.6300000013,-1958.0364705554036,-323177.7637405752,0.0,-9099.272408447905,732,2,2,1266
100,141,500,-174990.46635699357,0.801980198019802,0.106,1231.8217431250348,71130.53480074203,-16850.0,-191618.3100000005,-1144.036597630425,-29006.985390308047,0.0,-8733.49091292193,64,17,1,842
101,142,500,-551810.4038383287,0.36318407960199006,0.04666666666666667,1399.762799745123,31673.025621335437,-10900.0,-241901.98000000068,-2233.6886375127424,-320488.81301990204,0.0,-9358.71060199405,724,10,3,1291
102,143,500,-423490.9936654653,0.472636815920398,0.06133333333333333,1163.3099650420609,48045.618731080904,-4250.0,-264863.1900000014,-1514.7402741692172,-192898.87115683215,0.0,-9173.120930586654,434,2,2,1258
103,144,500,-390424.75179884816,0.7425742574257426,0.098,1402.9599882814503,67302.8624874023,-42600.0,-205923.07000000044,-2658.9223637181135,-199195.10485487085,0.0,-8753.47705594283,452,75,3,945
104,145,500,-298059.954289881,0.6,0.078,1576.7922211201746,54696.4961881033,-8800.0,-233384.290000001,-1973.231525217478,-101123.83494226981,0.0,-9051.886231616978,222,7,1,1147
105,146,500,-503933.3878313099,0.5594059405940595,0.07333333333333333,1023.8444257151369,57423.40915291429,-24400.0,-262640.0600000013,-945.7176642254885,-265103.4233414837,0.0,-9291.44040422995,598,43,0,1218
106,147,500,-153803.45482990643,0.7611940298507462,0.1,1854.2371225471413,65842.6544684164,-11400.0,-194988.3799999999,-2920.265937913654,-3713.7785222715383,0.0,-8477.921960684513,8,9,4,909
107,148,500,-563139.9601843905,0.5074626865671642,0.066,1307.4102703179542,50441.51501379381,-15150.0,-238427.1400000011,-3468.5354346822082,-348607.44112077,0.0,-9235.768913049826,792,15,5,1071
108,149,500,-132452.91210460349,0.7512437810945274,0.09866666666666667,1824.6606051374106,61730.237719190416,-25300.0,-150412.19999999958,-804.2877080230253,-10473.326739475273,0.0,-9017.995981432761,22,25,0,659
109,150,500,-556035.4204133913,0.5174129353233831,0.06733333333333333,707.1828603253509,57556.78172775938,-3100.0,-293318.2800000017,-2378.0187530223243,-307065.21203202114,0.0,-8437.874216432536,704,1,2,1321
110,151,500,-353232.07512976404,0.6169154228855721,0.08066666666666666,1109.9971455523576,60569.65488957708,-17700.0,-242627.820000001,-396.1720060812737,-145453.64514794495,0.0,-8734.090010867292,322,21,0,1102
111,152,500,-653443.5656314192,0.20689655172413793,0.026,743.3528666232505,26929.31428914058,-9000.0,-299662.5000000018,-736.2133097960905,-362527.61502276594,0.0,-9189.904454621215,828,3,0,1432
112,153,500,-148853.61029458544,0.7871287128712872,0.104,1307.1174485689912,63910.59943669793,-37250.0,-138922.40999999965,-3825.4710948908255,-24866.308736256222,0.0,-9207.137348705019,52,38,6,651
113,154,500,-485847.5141867036,0.5870646766169154,0.07666666666666666,1249.8216109442828,57875.99375112842,-7100.0,-258033.94000000125,-1329.0125274207587,-269618.9942630904,0.0,-8891.38275826458,610,8,1,1221
114,155,500,-514845.6520104667,0.5099009900990099,0.06666666666666667,1262.1406301131074,48472.13326622107,-5850.0,-250620.34000000104,-282.7515441823788,-299028.17113238433,0.0,-8798.66323023385,678,6,0,1246
115,156,500,-411882.6352096534,0.19801980198019803,0.024666666666666667,1196.0199420077831,14655.610595760665,-14100.0,-250597.22000000108,-794.1467899953803,-153142.43787555743,0.0,-9100.461081868842,332,6,0,1420
116,157,500,-423442.04445763223,0.495,0.064,1717.9819055568628,44948.268213560936,-20300.0,-218574.77000000057,-1330.556693419456,-221073.90535753453,0.0,-8829.06252579589,500,17,1,1071
117,158,500,-187321.09151447166,0.475,0.06133333333333333,1834.9535745821504,36056.71873108099,-7400.0,-199346.89000000054,-563.8467650516116,-8803.611656593534,0.0,-9098.41539848941,16,8,0,1089
118,159,500,-208781.16864498865,0.695,0.09066666666666667,1677.9845525903252,54809.18821561235,-37100.0,-133869.34999999963,-1121.2052915404429,-84211.59692357258,0.0,-8966.18919807795,190,35,1,621
119,160,500,-868221.3813844474,0.515,0.06666666666666667,1099.135899724555,52302.35326622098,-11550.0,-257163.87000000125,-1451.3226915920084,-642458.7413672942,0.0,-8998.936491506594,1478,15,1,1170
120,161,500,-291572.9975426986,0.2835820895522388,0.036,1725.6428966458354,23393.30401090927,-450.0,-257957.7600000021,-2671.0401137582235,-47110.53180299394,0.0,-8502.612533501293,102,0,2,1414
121,162,500,-195150.67761742603,0.63,0.082,1433.216462395233,46111.73614672022,-20950.0,-123639.41999999963,-2535.4057753994134,-86630.81418082994,0.0,-8939.990270311888,196,19,3,562
122,163,500,-406163.99219917424,0.735,0.096,1229.244075711234,65739.6390888897,-18600.0,-208920.3500000004,-836.1073157201624,-235948.29818324128,0.0,-8828.119864813774,530,12,1,1009
123,164,500,-468034.0565992974,0.485,0.06266666666666666,1379.5677616348,41811.883241390286,-15150.0,-201816.27000000043,-1578.4048329544692,-284045.35190440406,0.0,-8635.480864963707,638,12,1,968
124,165,500,-221711.28755727492,0.6865671641791045,0.09,1750.546579156886,60066.310949425206,-14600.0,-188840.0800000002,-1005.1448210504109,-70467.49435213859,0.0,-8615.425912667817,160,11,1,846
125,166,500,-367647.90179462923,0.675,0.088,1177.7194220565327,65652.63295980464,-9550.0,-249208.09000000116,-3962.1808461889686,-162918.99375355136,0.0,-8838.989576750067,372,10,4,1127
126,167,500,-225364.70078040397,0.795,0.104,1150.9414369936308,72100.41943669785,-19850.0,-206253.68000000052,-3049.5304148864802,-61027.55614904714,0.0,-8435.29509016175,136,20,3,919
127,168,500,-499455.6662468686,0.5594059405940595,0.07333333333333333,1382.0902902871424,53904.58915291434,-6900.0,-241347.55000000095,-1886.4771761680965,-295210.5294025357,0.0,-9397.789111366093,670,3,2,1131
128,169,500,-273823.517302951,0.6237623762376238,0.082,1305.9731599516535,58007.216146719984,-30750.0,-201150.96000000037,-3895.87523161942,-88123.23840784014,0.0,-9216.632970162784,194,36,4,891
129,170,500,-776345.7335078289,0.24875621890547264,0.03133333333333333,417.4977311802927,34275.17846144597,-11000.0,-307181.5400000021,-561.9464729012725,-483587.9256617576,0.0,-8706.997565796482,1112,14,1,1360
130,171,500,-718965.3531846231,0.275,0.034666666666666665,1216.5665184311276,29241.488898127438,-6550.0,-278865.2300000015,-854.6500533885256,-453964.05147960025,0.0,-9189.477068192597,1040,4,0,1380
131,172,500,-263274.672051594,0.5,0.066,1405.0605477429658,46549.01501379382,-7150.0,-228286.33000000156,-1562.765377395818,-65146.527459210156,0.0,-9083.124776524828,138,7,2,1088
132,173,500,-568735.0434890167,0.6517412935323383,0.08533333333333333,1517.4424118413854,60110.18259943974,-12850.0,-226310.1400000007,-1375.50624288392,-380504.67628924665,0.0,-9322.34596816665,874,13,2,1076
133,174,500,-392311.03514960443,0.45544554455445546,0.059333333333333335,1028.8599918834618,49075.898473883295,-8250.0,-276025.09000000166,-1938.0154201641178,-147701.57682496667,0.0,-8501.11137024013,334,9,1,1282
134,175,500,-172441.41144405818,0.6782178217821783,0.08933333333333333,1903.9871086893113,58378.83964507741,-30950.0,-172699.26999999981,-1262.9653134889038,-18763.11700650415,0.0,-9048.885877831573,40,32,1,791
135,176,500,-120212.99082612473,0.94,0.12333333333333334,1593.678858158005,73986.77574579844,-25550.0,-127516.96999999955,-1166.2950501140165,-32695.2178859091,0.0,-8864.962494057776,72,26,1,580
136,177,500,-199760.09459586535,0.71,0.09266666666666666,1276.0908874203747,57252.52865398731,-27650.0,-146557.09999999971,-3465.628771819369,-71654.86765063052,0.0,-8961.117714822878,160,26,3,653
137,178,500,-323193.3433203884,0.75,0.1,1210.9049862972981,69579.45446841634,-14750.0,-214682.25000000058,-1333.7817591616456,-153853.6889303863,0.0,-9363.98208555382,350,14,1,978
138,179,500,-673017.9754932536,0.1890547263681592,0.023333333333333334,468.94471791538354,27027.271364991513,-1700.0,-313133.240000002,-1159.1996148420099,-375626.14871917263,0.0,-8895.603242146144,848,2,1,1412
139,180,500,-282816.0697610358,0.4306930693069307,0.056,1049.564958402935,45326.500012798744,-4250.0,-260193.80000000066,-1044.2292957027025,-54934.85651462029,0.0,-8769.248921914124,120,2,1,1148
140,181,500,-594441.783125222,0.185,0.02266666666666667,390.76988588037364,27071.380838675715,-3050.0,-314810.110000002,-231.68096681824102,-294612.61208870594,0.0,-9199.530794253013,668,2,0,1414
141,182,500,-691129.5664344189,0.22277227722772278,0.028,861.6960354604796,25816.853739457747,-8150.0,-285697.88000000163,-1290.0708015476728,-413224.9562612504,0.0,-9445.209146539222,940,2,1,1396
142,183,500,-287588.7960815438,0.505,0.06533333333333333,1624.1490217756611,29989.41383732352,-15050.0,-152216.2999999998,-6182.966545477244,-136703.70311570104,0.0,-9049.38927946433,306,11,10,1030
143,184,500,-594958.1715625796,0.4427860696517413,0.05733333333333333,793.9432081947152,50285.46756131755,-3800.0,-288816.2400000016,-274.81422581392036,-344220.3961859923,0.0,-8926.131920285658,774,2,0,1290
144,185,500,-384277.76479566196,0.6368159203980099,0.08333333333333333,1285.150166879866,64816.123759908834,-38150.0,-249233.9400000009,-1610.023247484977,-152249.67089600346,0.0,-9135.40457896229,344,56,2,1132
145,186,500,-319779.3815764919,0.47,0.06066666666666667,1494.4531912020198,41040.81452055461,-7450.0,-218874.7700000005,-5492.899043764011,-121437.9961408578,0.0,-9058.984103626733,266,4,6,1069
146,187,500,-477122.1760642625,0.625,0.08133333333333333,1589.9394700054352,57996.3532895771,-21700.0,-212182.2500000005,-2391.451859634985,-291108.9822282411,0.0,-9325.784735968546,662,22,3,956
147,188,500,-293411.2578006206,0.645,0.084,1562.2072128311777,55514.802364560186,-15450.0,-201211.51000000036,-1852.592883211356,-123537.40537762769,0.0,-8436.759117172734,282,12,2,999
148,189,500,-482033.9893969978,0.44776119402985076,0.058,1260.5307457973302,38236.7875613178,-24200.0,-179384.30000000025,-10088.133429379483,-298375.92425960355,0.0,-9482.950015129632,676,23,15,789
149,190,500,-453132.76768176386,0.5024875621890548,0.06533333333333333,881.5263337864629,52908.453837323184,-9350.0,-265396.52000000136,-472.9524042918864,-222529.39506194126,0.0,-9173.880386640114,498,8,0,1202
150,191,500,-502017.9634781581,0.48514851485148514,0.06333333333333334,770.8439377557947,52302.05548628812,-2000.0,-279556.3800000016,-696.756333672759,-263949.45892545,0.0,-8888.267643079073,594,2,1,1255
151,192,500,-269831.3763623524,0.7241379310344828,0.096,1360.4309918923377,62719.05908888973,-11250.0,-182310.8300000001,-2035.4120675084582,-129530.82097577535,0.0,-8783.80339985034,288,9,2,802
152,193,500,-476195.7609574774,0.7562189054726368,0.09933333333333333,1211.4171557664158,68364.18035076934,-21600.0,-204173.4100000004,-3722.2381867674776,-307318.78029548377,0.0,-8956.929981761656,708,21,5,930
153,194,500,-511719.4475013942,0.4626865671641791,0.06,671.7721150622535,51131.06686098004,-5100.0,-282935.97000000125,-783.9457177330464,-265582.6218897804,0.0,-9119.748869922629,608,6,1,1264
154,195,500,-682109.7781310335,0.21782178217821782,0.027333333333333334,752.3646881005207,25734.633739457742,-46650.0,-264306.7300000014,-1622.614256448413,-386786.08933495457,0.0,-9231.342967188628,874,57,2,1305
155,196,500,-401100.38342619786,0.615,0.08,1836.0477613146043,52928.57359925461,-19500.0,-181308.79000000015,-2553.997724125553,-243773.41088763555,0.0,-8728.806175005522,552,15,3,817
156,197,500,-484442.2863347384,0.13366336633663367,0.016,226.0228544497709,21850.523913233046,-1700.0,-320666.57000000216,-293.1862180545325,-175232.36479030512,0.0,-8626.712094061688,384,2,0,1422
157,198,500,-407169.9042764922,0.19801980198019803,0.024666666666666667,566.7423817418124,27485.290595760755,-4350.0,-301001.9500000028,-243.19429906512073,-121073.36534593425,0.0,-8553.427608994993,272,3,0,1331
158,199,500,-482203.85719721136,0.5920398009950248,0.07733333333333334,1538.533337377055,50323.18618810338,-29000.0,-173802.66999999998,-2415.123547757875,-319659.17322700325,0.0,-9188.609947930532,732,35,4,790
159,200,500,-563950.2019982961,0.4019607843137255,0.05266666666666667,975.6317132337464,38564.196069331876,-9600.0,-250618.30000000107,-3240.395626570817,-331226.50769882556,0.0,-8804.826455464767,750,12,3,1264
160,201,500,-374110.6877583849,0.594059405940594,0.078,1445.9695885354074,54634.216188103324,-25950.0,-205899.9400000004,-2793.699011682893,-186647.7595508857,0.0,-8899.474972454444,424,30,2,945
161,202,500,-506884.9624444395,0.24378109452736318,0.030666666666666665,580.1669904714644,31001.48246144602,-9400.0,-295265.22000000166,-2343.0882387128445,-222952.2133858694,0.0,-8506.09027177448,500,7,2,1358
162,203,500,-488853.7941932806,0.4801980198019802,0.06266666666666666,700.6040367064014,53022.283241390134,-6150.0,-282084.95000000147,-1161.0786388658623,-244179.81746409705,0.0,-9000.835368413887,550,6,1,1264
163,204,500,-264354.06807421666,0.6584158415841584,0.08666666666666667,977.6452278239171,56887.76300955604,-15350.0,-186736.68000000025,-2790.8399396748955,-108763.35379007534,0.0,-8578.602581845806,244,17,4,839
164,205,500,-429254.7427515898,0.5422885572139303,0.07066666666666667,1041.0930031465143,56166.991340935536,-9950.0,-262568.6300000013,-1302.6879733900678,-203278.70052378473,0.0,-9362.80859849733,458,8,1,1192
165,206,500,-518651.39447213133,0.665,0.08666666666666667,1099.3162089811522,64485.923009555874,-12550.0,-246679.52000000107,-1078.7067604875244,-314794.0939598591,0.0,-9134.312970321587,714,13,1,1138
166,207,500,-421527.5921110231,0.61,0.07933333333333334,1186.3487767400022,54847.001891937485,-8700.0,-221132.59000000035,-2003.4704747449734,-236319.1708527833,0.0,-9405.711452172629,528,12,3,1043
167,208,500,-504311.89499959373,0.6417910447761194,0.084,1050.2400393430696,62770.42236456008,-5200.0,-251059.1100000012,-709.9800483107174,-302041.0406637916,0.0,-9122.42669139448,682,4,1,1151
168,209,500,-480950.63879270176,0.585,0.076,1293.4953436000671,54155.610361297986,-25900.0,-204078.85000000047,-2255.361029000531,-295224.53074660496,0.0,-8941.002721993898,672,28,3,902
169,210,500,-416004.7061307145,0.4,0.051333333333333335,1656.0521551094032,40130.70073057846,-17750.0,-251426.46000000075,-695.1226113792699,-179069.12213204856,0.0,-8850.754272974893,400,20,0,1206
170,211,500,-414420.2297700337,0.545,0.07066666666666667,1498.3213567048715,46887.271340935644,-13050.0,-211016.27000000048,-1319.035295277059,-228336.7492021035,0.0,-9083.767970293571,510,12,1,1059
171,212,500,-168626.0051598491,0.68,0.08866666666666667,1650.268109143667,52673.92884215776,-24650.0,-156399.9599999996,-1262.0356519755005,-31649.532300861098,0.0,-8988.674158313715,68,26,1,824
172,213,500,-348844.73911078693,0.5544554455445545,0.07266666666666667,1184.1393362095123,53856.035347604615,-23400.0,-226316.94000000076,-5496.42882256577,-139138.9470581758,0.0,-9532.597913858992,312,27,7,1028
173,214,500,-361735.65311359783,0.8,0.10466666666666667,1547.2560480559805,70573.32193669784,-16950.0,-192818.99000000037,-2086.53488127678,-212754.61030153284,0.0,-9246.095915541664,478,15,2,854
174,215,500,-288490.4293242003,0.6218905472636815,0.08133333333333333,2215.4868034685132,46225.43328957734,-37850.0,-125831.9399999997,-3229.42345116952,-161157.33806249412,0.0,-8862.647903582154,360,38,3,644
175,216,500,-313304.6085666415,0.38,0.048666666666666664,1667.816206341369,30264.8116412502,-9400.0,-222938.04000000076,-1276.381617449401,-102412.62791468945,0.0,-9210.186882093845,222,10,2,1209
176,217,500,-443764.9655812721,0.5422885572139303,0.07066666666666667,990.8128333865695,56229.27134093552,-9400.0,-269542.78000000154,-4118.228963200326,-208912.01520145877,0.0,-9012.025590934902,474,4,5,1271
177,218,500,-508400.2097193571,0.7213930348258707,0.09466666666666666,1076.1298848397382,69564.06845987086,-16100.0,-234476.12000000084,-2399.5871631802556,-317666.12483854353,0.0,-8398.57606234353,726,17,3,1038
178,219,500,-380056.8736046791,0.5920398009950248,0.07733333333333334,1553.4187648207137,56613.46618810326,-22900.0,-223238.03000000055,-1388.2755382656646,-181583.78192895843,0.0,-9113.67109037861,400,22,2,1015
179,220,500,-288384.16269231815,0.6138613861386139,0.08066666666666666,1821.4812669799433,43785.19488957735,-19200.0,-118006.76999999958,-1046.7863962255792,-186446.64298987188,0.0,-9290.639462777486,412,15,0,564
180,221,500,-239110.66210701014,0.7425742574257426,0.098,1577.121736219091,59331.022487402406,-33300.0,-144023.76999999973,-2560.257767959203,-111170.41075214733,0.0,-8964.367810524962,248,39,3,698
181,222,500,-891722.1620581707,0.40298507462686567,0.052,543.535452440352,47864.778508356096,-4900.0,-296573.3800000018,-133.7300052301573,-629333.2659701033,0.0,-9190.10004363402,1446,4,0,1319
182,223,500,-220927.18554776028,0.59,0.07666666666666666,936.1085383781726,60678.59375112842,-8950.0,-263923.0500000015,-937.3775656120338,0.0,0.0,-8731.460271655069,0,10,1,1171
183,224,500,-421087.16765352635,0.6716417910447762,0.088,1814.5168040438698,55407.572959804806,-26250.0,-172560.50000000006,-1515.844855087073,-268813.4261499396,0.0,-9169.486412348344,610,15,1,899
184,225,500,-223184.4251913768,0.445,0.05733333333333333,1015.4558889608022,33625.567561317854,-45450.0,-128646.21999999954,-4644.434574704296,-70304.47867041842,0.0,-8780.315396532213,156,42,6,560
185,226,500,-339025.40386192047,0.6798029556650246,0.09,1634.9976065124804,61810.1509494252,-19400.0,-207846.88000000035,-2054.5448848611027,-164618.01150729595,0.0,-8551.116025700861,376,17,3,989
186,227,500,-209650.61699293478,0.765,0.1,1265.4044714225963,66590.0144684164,-30850.0,-178008.11000000016,-415.1203651006123,-59490.71737084122,0.0,-8742.088196832074,132,37,0,782
187,228,500,-563702.1382810554,0.425,0.05466666666666667,767.3346843783041,48024.223140304704,-9050.0,-281837.3300000015,-913.2594884267004,-311806.11723418016,0.0,-8886.98938313134,702,11,1,1246
188,229,500,-272101.68500880245,0.565,0.07333333333333333,1261.2922159511795,46711.24915291446,-18950.0,-167350.97000000006,-651.9154822643343,-124164.0711985998,0.0,-8957.269696803618,282,17,0,739
189,230,500,-471818.53466400126,0.43283582089552236,0.056,700.5405800698608,49966.360012798665,-6000.0,-294418.9600000017,-756.293853744843,-212414.6858868567,0.0,-8895.495516267865,484,6,1,1329
190,231,500,-483078.67412531277,0.7164179104477612,0.094,1195.5835449130072,64484.847080560605,-11100.0,-204827.8300000004,-1678.7950063286717,-321775.20313335676,0.0,-9377.276611100797,734,9,1,915
191,232,500,-242316.31042642612,0.6188118811881188,0.08133333333333333,1835.0487321347,41243.03328957739,-22050.0,-120112.2199999997,-1933.62597961417,-132265.9943393084,0.0,-9032.552129215299,294,15,1,732
192,233,500,-510482.2615027639,0.64,0.08333333333333333,1351.2448768904706,59397.7637599089,-11800.0,-228988.37000000075,-256.7089470272885,-320964.6821005035,0.0,-9221.509092032566,726,10,0,1076
193,234,500,-429251.0249991215,0.32338308457711445,0.04133333333333333,756.8653928882846,38750.76999436974,-1750.0,-298343.4500000023,-1373.8120099818868,-158474.9123196997,0.0,-8816.486056698033,362,1,1,1371
194,235,500,-326752.62472251983,0.51,0.066,1299.3097316394505,48728.81501379389,-13200.0,-231170.0000000008,-1363.1777708610168,-121939.2436761258,0.0,-9108.328020966122,268,15,1,1057
195,236,500,-232564.49528741982,0.75,0.098,1426.227286440733,64842.80248740231,-25850.0,-181456.41000000006,-1346.033113720837,-80885.02201595115,0.0,-9296.059931590653,174,26,1,835
196,237,500,-156537.43541460572,0.8226600985221675,0.10933333333333334,1748.9528215837163,63924.22895650622,-23050.0,-119236.01999999964,-2219.173162546851,-68806.9194424227,0.0,-8898.504587725967,156,19,2,541
197,238,500,-567767.7539321923,0.48756218905472637,0.06333333333333334,731.600367271001,51959.51548628808,-2500.0,-270128.49000000156,-1384.9095264970701,-337650.78441028413,0.0,-8794.685848970099,770,1,1,1201
198,239,500,-322072.4865764846,0.8308457711442786,0.10933333333333334,1410.7543226256332,72954.82895650611,-16300.0,-187765.25000000006,-1021.1212568612073,-182242.5950015897,0.0,-9109.10359716511,420,13,1,821
199,240,500,-219419.59751655502,0.5920398009950248,0.07733333333333334,1479.0106808491532,39704.44618810358,-35850.0,-84337.38999999988,-4653.948101652667,-126782.11941046463,0.0,-8979.596873390123,288,36,7,371
200,241,500,-673185.7453140273,0.43842364532019706,0.05733333333333333,623.7228858580285,50690.28756131757,-5700.0,-289793.11000000173,-1234.834356579272,-418824.8435712839,0.0,-8946.967833338836,956,6,1,1292
1,42,500,-293688.22225667007,0.48258706467661694,0.06266666666666666,1162.2516754160504,49565.743241390155,-17250.0,-248633.9400000011,-337.6357555492471,-69457.5132060734,0.0,-8737.12821185331,154,18,0,1111
2,43,500,-231615.879297872,0.6421568627450981,0.08533333333333333,1574.2207056535094,58490.902599439796,-27100.0,-197919.67000000092,-2728.6269950446026,-55288.351023045725,0.0,-8644.354584874925,122,34,4,894
3,44,500,-179529.153187014,0.69,0.09,1680.0499325527562,59132.110949425245,-27050.0,-184304.03000000012,-1118.942738138458,-18932.410824774084,0.0,-8935.93050607917,42,29,1,866
4,45,500,-481000.17931477126,0.2623762376237624,0.03333333333333333,366.13250748257127,35734.291322369725,-9650.0,-311008.7500000019,-917.9865060609567,-186728.27329919414,0.0,-8795.593339368455,416,17,1,1376
5,46,500,-202810.21302042896,0.615,0.08,1413.1794251789634,58004.39359925452,-19750.0,-227338.0300000007,-1209.2656867181913,-4813.799196826657,0.0,-9116.691161317647,10,19,1,1055
6,47,500,-234076.66659003528,0.6157635467980296,0.08133333333333333,1294.418822412949,50865.293289577254,-3300.0,-200929.2000000004,-4671.405184447278,-68690.9543525574,0.0,-8644.819165020455,150,0,6,1041
7,48,500,-188451.14889610928,0.7164179104477612,0.094,1902.955019293647,54488.90708056076,-22000.0,-156491.80000000005,-3516.846777664506,-53712.20911916672,0.0,-9122.155099132098,118,22,4,880
8,49,500,-260404.0908758877,0.575,0.07466666666666667,1181.3380848571435,54435.995560237,-6500.0,-238346.87000000017,-1231.6839841052292,-60817.89053992423,0.0,-9124.979996952154,136,5,1,1100
9,50,500,-306819.0551701245,0.57,0.074,1306.7705134403973,45233.38599501976,-6400.0,-204325.12000000078,-3243.5631571150425,-130633.10029191255,0.0,-8757.428229556454,292,7,3,1114
10,51,500,-239827.96815254688,0.6268656716417911,0.082,1558.4910762059174,56605.91614672001,-17100.0,-216299.26000000007,-1946.37954860957,-53621.658888842,0.0,-9025.076938021188,116,15,2,1047
11,52,500,-284058.35366704955,0.5124378109452736,0.06666666666666667,1387.703480422561,45264.71326622111,-15400.0,-214595.18000000043,-607.3103114986652,-91586.22643989313,0.0,-8522.05366230129,206,13,0,1062
12,53,500,-400884.4564109328,0.4630541871921182,0.06066666666666667,740.458407849386,52282.3545205545,-11200.0,-280935.9700000016,-845.1159415138235,-152240.91597564405,0.0,-8685.267422178764,342,13,1,1250
13,54,500,-227589.88940487924,0.67,0.08733333333333333,1414.6939548716127,57736.00629313809,-32650.0,-192595.19000000038,-527.2938942186531,-52274.325066313584,0.0,-8693.780692356699,114,19,0,1024
14,55,500,-238600.24938449214,0.6534653465346535,0.086,1537.7832111777398,54419.8371448944,-14200.0,-189525.12000000058,-716.3104123674059,-81133.7979648772,0.0,-8982.641363319355,182,13,0,955
15,56,500,-251593.05263455637,0.801980198019802,0.106,1386.7851270411118,72095.87480074202,-9200.0,-217278.17000000074,-1346.6512457867493,-87860.7266981773,0.0,-9390.164618375347,196,8,1,1033
16,57,500,-261378.1382749339,0.6435643564356436,0.08466666666666667,1390.3420256784034,61066.83313379088,-22050.0,-224831.91000000137,-746.9199239474079,-67221.08790585419,0.0,-8985.3956046013,152,12,0,1074
17,58,500,-381717.1172369829,0.63,0.082,1193.310149886046,57571.256146720014,-13200.0,-227933.95000000077,-484.9951035785858,-189890.26707998916,0.0,-8972.47135002083,432,15,0,1094
18,59,500,-227339.78457754778,0.7014925373134329,0.092,1212.7277474025354,67088.32189342374,-15600.0,-229446.8700000009,-4098.304296522082,-37497.9059963328,0.0,-8997.753925519215,78,15,6,1015
19,60,500,-288962.8593461718,0.7684729064039408,0.102,1298.36723510912,72880.92541875629,-21700.0,-219262.52000000072,-369.64117569564183,-113007.852004628,0.0,-8802.13881971346,250,19,0,983
20,61,500,-164591.27778246565,0.59,0.07666666666666666,1451.0484146320289,45762.533751128685,-18350.0,-175960.50000000084,-1959.9630636506847,-6711.363784522465,0.0,-8823.033100052884,14,20,2,934
21,62,500,-312456.185473981,0.385,0.04933333333333333,952.1344927389426,40494.69086202925,-6950.0,-259891.76000000103,-293.8537763108675,-78287.51283511805,0.0,-8479.884217320388,174,5,0,1164
22,63,500,-275843.6951587544,0.6009852216748769,0.07933333333333334,1269.1792790522263,50705.381891937584,-11700.0,-209081.5800000005,-2635.987580920294,-95333.74239816293,0.0,-9066.946350660844,212,12,3,1108
23,64,500,-750239.3822896744,0.25742574257425743,0.03266666666666666,1350.339878500484,24092.057737464278,-10700.0,-255740.07000000073,-3354.8476434371037,-496657.51473885943,0.0,-9229.347523342562,1134,2,5,1337
24,65,500,-490127.3287242554,0.22885572139303484,0.028666666666666667,818.292365400338,27141.207652501194,-150.0,-296135.2900000017,-1530.2972257924862,-210677.25649389433,0.0,-9593.985022470079,462,0,2,1402
25,66,500,-410249.34344971343,0.4129353233830846,0.05333333333333334,794.6019769666625,43275.559442825775,-4550.0,-275818.9700000012,-341.01494335502696,-164511.86775869818,0.0,-9097.652167452874,368,5,0,1321
26,67,500,-574725.5417617053,0.3069306930693069,0.03933333333333333,898.8912874296101,35999.15649162248,-7700.0,-283108.08000000153,-1232.55537280626,-310287.9095249048,0.0,-9295.044643046445,706,8,1,1297
27,68,500,-544913.9146599344,0.26865671641791045,0.034,526.2116086555868,35135.997989036405,-3750.0,-302652.97000000207,-3275.1983949719443,-261767.9382262904,0.0,-9130.017636364026,588,3,4,1344
28,69,500,-246668.27841183878,0.43564356435643564,0.056666666666666664,1953.3191727993508,36705.031830980544,-9300.0,-230663.89000000132,-2661.4607461210994,-34125.93590207669,0.0,-8575.342767420829,74,3,3,1282
29,70,500,-227943.053009493,0.5396039603960396,0.07066666666666667,1622.761864655287,46046.49134093569,-19500.0,-192359.81000000035,-2248.4792682204893,-52422.607519183235,0.0,-9081.40942768025,112,24,3,917
30,71,500,-219274.97963698313,0.5771144278606966,0.07533333333333334,1672.3644436543027,48472.88728437502,-16000.0,-201306.07000000027,-2818.354622136065,-40742.372864760124,0.0,-8553.433878116168,90,16,5,1037
31,72,500,-411515.4706748219,0.395,0.050666666666666665,1791.9000065492144,36505.99573057849,-18450.0,-232631.2300000008,-3405.2648228068133,-186238.41645539185,0.0,-9088.455133750818,420,15,5,1166
32,73,500,-328143.1697605476,0.48258706467661694,0.06266666666666666,742.9819601342857,51527.563241390104,-5550.0,-269377.4700000013,-1894.0950845733178,-94579.16311529047,0.0,-9012.986762208528,212,6,2,1200
33,74,500,-389066.0334920517,0.4079601990049751,0.05266666666666667,1096.5587746880183,42954.93606933178,-7050.0,-255692.44000000122,-738.4745868048637,-160480.98622798146,0.0,-9155.62752128527,350,6,1,1133
34,75,500,-209659.6989034904,0.54,0.07,1914.4414890984244,40172.42748772468,-18550.0,-168504.04000000053,-1291.6477839557836,-54353.55548818548,0.0,-9047.32460817195,112,19,1,912
35,76,500,-341071.4046780746,0.53,0.06866666666666667,876.5500066616501,53241.039948783706,-5000.0,-250538.0200000011,-1938.9042664292656,-128687.08648075575,0.0,-9024.98388633483,280,2,2,1098
36,77,500,-625794.9848425427,0.155,0.018666666666666668,485.7808091246559,23232.118828217976,-4500.0,-310232.560000002,-2277.3684334402856,-323513.1362089289,0.0,-8989.819837515928,728,3,2,1390
37,78,500,-307246.81259774015,0.2722772277227723,0.034666666666666665,403.0709689235401,37275.608898127306,-2750.0,-314862.490000002,-2893.705946190295,-15346.556126977026,0.0,-9072.740391623705,24,2,4,1396
38,79,500,-263503.2542415893,0.5870646766169154,0.07666666666666666,1071.9960659354547,58405.37375112846,-21250.0,-236025.78000000038,-1049.4587768695899,-56156.16247871275,0.0,-8499.222803070787,120,19,0,1046
39,80,500,-419863.6803613202,0.4801980198019802,0.06266666666666666,1583.6576470884809,47323.66324139018,-31700.0,-236543.47000000082,-1979.9832182564053,-189253.52741143553,0.0,-9294.020620107129,426,47,2,1115
40,81,500,-217619.91806726417,0.535,0.06933333333333333,1449.6508403454682,48933.55415439129,-9900.0,-243933.27000000078,-1769.856311165084,-3974.1570144824022,0.0,-8425.839736353222,8,6,1,1263
41,82,500,-395722.81475534843,0.4626865671641791,0.06,993.4112124429762,48110.48686098013,-4150.0,-269319.6500000011,-1259.286420457817,-160935.17538915575,0.0,-9162.601019157617,348,4,0,1244
42,83,500,-456126.6070085227,0.2537313432835821,0.032,1065.0836868675297,30103.60081438723,-17500.0,-281721.6900000015,-1151.906094080479,-177608.0597121581,0.0,-9313.635703538943,402,10,1,1352
43,84,500,-543215.7653222118,0.3480392156862745,0.04533333333333334,1058.8279540461108,38013.230689828524,-5250.0,-273196.52000000124,-1416.7765081735256,-293428.80333186267,0.0,-8995.724126049849,668,6,2,1266
44,85,500,-339802.3741495195,0.14427860696517414,0.017333333333333333,889.6506781831843,15691.473666927766,-450.0,-291526.4500000014,-980.6825075866541,-54379.50417391987,0.0,-9046.861813123835,118,0,1,1423
45,86,500,-325310.35115723213,0.297029702970297,0.038,1326.3482901569598,21128.754238846424,-9600.0,-229057.09000000043,-1288.7275354612002,-98891.54537925492,0.0,-8928.090771519292,220,12,2,1312
46,87,500,-303343.20190594567,0.5544554455445545,0.07266666666666667,2054.698466853737,43766.675347604745,-10300.0,-195019.0000000005,-2178.0467002419286,-132854.35159028697,0.0,-8813.177429874537,298,10,3,1069
47,88,500,-236759.31685073194,0.695,0.09066666666666667,1625.4730194481347,60476.66821561226,-13600.0,-210818.31000000075,-2711.182846801179,-62728.74404451686,0.0,-9003.221194473974,142,16,3,1040
48,89,500,-490432.3036810769,0.39215686274509803,0.051333333333333335,1273.6425674094453,39507.900730578454,-5000.0,-261355.71000000119,-1663.676786890862,-254175.91725819954,0.0,-9018.542933974419,582,5,2,1275
49,90,500,-231126.94056176988,0.3333333333333333,0.042666666666666665,2817.215729777506,14803.185652442848,-17500.0,-169946.23000000004,-4739.834630516888,-47609.35331342924,0.0,-8951.924000044337,106,16,5,1170
50,91,500,-711713.8447821685,0.355,0.04533333333333334,697.0453131179928,40971.53068982846,-4650.0,-281586.99000000156,-2244.3155138353263,-455226.6930685254,0.0,-9674.422202754226,1042,3,3,1243
51,92,500,-201134.83638553417,0.6039603960396039,0.07933333333333334,1258.5438458712279,59331.161891937416,-10800.0,-239904.69000000134,-2113.5156053254414,0.0,0.0,-8906.336518017213,0,12,2,1055
52,93,500,-310089.3103451828,0.47783251231527096,0.06266666666666666,1768.2071015970473,41064.52324139034,-24200.0,-214231.91999999963,-4509.358496777162,-101084.36243465681,0.0,-8896.399756735605,224,23,6,1155
53,94,500,-594537.6995374209,0.26,0.03266666666666666,1325.839177889981,24092.057737464263,-1750.0,-263174.7600000012,-2212.255630774144,-343786.69469475735,0.0,-9031.886127243008,776,1,2,1335
54,95,500,-547585.6960725974,0.28,0.035333333333333335,1563.5973973535106,23251.23032669895,-2050.0,-252358.44000000143,-404.1095247884583,-308317.21216836723,0.0,-9270.76210349408,688,1,0,1350
55,96,500,-314896.05109732196,0.24875621890547264,0.03133333333333333,2299.6987565406453,13162.258461445923,-4750.0,-220093.83000000057,-3698.1453645593388,-92866.77292355424,0.0,-8949.260027194918,208,4,3,1323
56,97,500,-162474.84579256488,0.7114427860696517,0.09333333333333334,1525.5828033866198,56914.082080560715,-10500.0,-180265.9399999999,-4190.764290728311,-17355.348885320716,0.0,-8602.457500463035,38,12,6,928
57,98,500,-442954.8696276642,0.645,0.084,1168.0544595353567,59656.42236456009,-6550.0,-222516.94000000073,-1981.760127354276,-263101.0277057296,0.0,-9629.618618675666,592,7,2,966
58,99,500,-410366.9409698238,0.5346534653465347,0.07,1512.1485438879836,44905.7074877247,-11350.0,-213235.3200000008,-5600.015960870384,-217559.39971675805,0.0,-9040.06132380829,488,13,8,1125
59,100,500,-194332.65403696842,0.6157635467980296,0.08133333333333333,1389.167088848467,56003.39328957716,-11050.0,-230654.36000000025,-865.6569584547875,0.0,0.0,-9155.197456939117,0,13,1,1153
60,101,500,-221785.56337647623,0.7064676616915423,0.09266666666666666,1266.001955094979,62452.908653987164,-37150.0,-182804.7100000003,-2086.55084043257,-55104.297088414365,0.0,-8358.916056711338,124,37,2,847
61,102,500,-366330.5142085717,0.465,0.06,1243.5845730433161,40636.886860980216,-19550.0,-230564.57000000053,-1320.3556933439893,-148356.47095447461,0.0,-8419.588994776565,334,11,1,1272
62,103,500,-324131.97432390304,0.5763546798029556,0.076,1176.0536725271627,51321.870361298046,-10800.0,-225345.52000000072,-2601.564353615831,-129137.87455134379,0.0,-8744.939452768369,294,6,4,1171
63,104,500,-401144.8126122238,0.5742574257425742,0.07533333333333334,1347.0815441160219,55012.28728437494,-6300.0,-249048.2300000016,-1099.832356581258,-192085.94209574218,0.0,-8970.176988390744,436,6,1,1206
64,105,500,-151536.28366661977,0.67,0.08733333333333333,1662.6777376689226,56708.38629313811,-21600.0,-177553.01000000007,-1910.2054584267605,0.0,0.0,-8844.13223899977,0,21,1,807
65,106,500,-429463.1544675191,0.59,0.07666666666666666,869.0236507659347,60336.05375112841,-11450.0,-257793.8000000012,-1303.653737778779,-211115.05193357967,0.0,-9005.726198054726,478,11,1,1140
66,107,500,-277595.5352992018,0.35323383084577115,0.04533333333333334,1367.0382993885003,33404.51068982862,-2200.0,-263947.55000000005,-994.6726676381383,-36501.58498113311,0.0,-8723.276639647396,82,1,0,1367
67,108,500,-560256.6577575499,0.40298507462686567,0.052,1113.7419606456933,38117.95850835625,-7000.0,-239142.7900000009,-675.3871521096,-343635.0366135018,0.0,-9035.144460940379,774,4,1,1153
68,109,500,-219017.01565544293,0.4975124378109453,0.06466666666666666,2277.132691308109,37002.09621356104,-54050.0,-138534.65999999957,-248.47064325363465,-56376.386692931344,0.0,-9086.727224126738,114,59,0,739
69,110,500,-213786.8990520728,0.645,0.084,1588.7971487083705,54549.46236456013,-16750.0,-186882.94000000015,-2892.347459973576,-54651.13971738596,0.0,-8748.731387981705,122,19,4,861
70,111,500,-345695.6825506075,0.7114427860696517,0.09333333333333334,1123.3874995383098,64979.3420805606,-9350.0,-227810.82000000073,-1858.9916232345934,-163620.3287176507,0.0,-9158.271789820648,366,11,1,1087
71,112,500,-455822.7529991675,0.315,0.04,1543.805020260918,23361.842205908484,-35100.0,-204359.81999999983,-922.5698332225664,-231048.23197960277,0.0,-9297.778412511576,514,18,0,1229
72,113,500,-228771.42406335252,0.6766169154228856,0.08866666666666667,1513.5291604302906,61455.408842157645,-16300.0,-222223.75000000064,-527.6293800243625,-43705.63838710647,0.0,-8983.344298809576,96,7,0,1114
73,114,500,-384031.29080780066,0.58,0.07533333333333334,1436.598364298911,43739.60728437509,-11900.0,-173732.6100000001,-854.1386068189687,-233537.68810782302,0.0,-9183.059741832225,532,11,1,935
74,115,500,-558285.6436793065,0.425,0.05466666666666667,1333.600571926614,42201.04314030481,-4450.0,-250831.22000000082,-2760.2020432950762,-335325.8513939307,0.0,-8453.01395431172,758,1,2,1165
75,116,500,-653063.5556400303,0.33,0.042,1111.5260852670178,29191.139085279025,-3000.0,-250638.0300000012,-1685.9414874022652,-419016.84477339254,0.0,-9025.404549781179,950,3,2,1299
76,117,500,-359577.3151913524,0.2,0.024666666666666667,1204.657218476996,10794.250595760739,-2100.0,-241087.02000000188,-2541.7202065238444,-116567.43024222425,0.0,-9280.052556842238,258,0,3,1399
77,118,500,-310791.7751291219,0.415,0.05333333333333334,917.8516549785602,45611.05944282573,-7100.0,-272580.1900000012,-1003.9001807831854,-67431.42728353673,0.0,-9205.168762606112,154,8,1,1199
78,119,500,-718304.142404059,0.17412935323383086,0.021333333333333333,168.63080365365335,27829.08732516218,-2450.0,-326771.33000000217,-652.9823768715313,-407422.9065712804,0.0,-9004.641584723588,930,2,1,1453
79,120,500,-434053.7316885719,0.4228855721393035,0.05466666666666667,1889.6255609874122,33232.72314030496,-16300.0,-207096.55000000025,-57.98017853254893,-237001.9207896652,0.0,-8719.62942166622,534,7,0,1168
80,121,500,-411632.8007469378,0.565,0.07333333333333333,1488.4291114194946,54029.1491529143,-7700.0,-233148.23000000077,-1135.102038524801,-216486.60336692547,0.0,-8680.443605821136,496,5,1,1029
81,122,500,-477839.9652175762,0.365,0.04666666666666667,1255.9216287294757,36530.8656213354,-4150.0,-265758.4300000006,-938.3416094232301,-235735.64936922796,0.0,-9044.331488989199,520,4,1,1303
82,123,500,-234189.5126438699,0.65,0.08466666666666667,1360.3865407423527,57610.2931337909,-29650.0,-198131.2400000003,-1528.3291334341338,-54507.93224245864,0.0,-9342.690942510186,120,16,1,1005
83,124,500,-586825.2476041978,0.3034825870646766,0.03866666666666667,930.8241167269633,35213.29391097736,-10200.0,-281530.5300000015,-227.08343359227817,-321623.8196874547,0.0,-9387.932510855226,730,12,0,1282
84,125,500,-436971.71833332913,0.39800995024875624,0.051333333333333335,1046.5423971117207,44054.34073057837,-7450.0,-271252.3000000017,-2812.9965541991405,-191752.33960092723,0.0,-8804.96530589305,428,4,3,1211
85,126,500,-400535.6067969411,0.30845771144278605,0.03933333333333333,1528.9866561940848,27248.816491622463,-7350.0,-243359.80000000115,-631.0366494054433,-168688.84481682797,0.0,-9283.728478524541,372,6,0,1249
86,127,500,-339372.1747373267,0.7164179104477612,0.094,1941.97894350848,61121.72708056063,-19150.0,-185031.24000000025,-1105.5775504676267,-188384.72597834552,0.0,-8764.33723258252,428,22,1,871
87,128,500,-199951.4906449204,0.465,0.06,2040.3911225649742,35374.22686098022,-7400.0,-203746.89000000013,-254.10498561098473,-17034.60807231283,0.0,-8930.5055705416,36,5,0,1128
88,129,500,-152326.18618131996,0.7611940298507462,0.1,1823.4245455709747,61171.65446841646,-25400.0,-152104.7199999998,-2107.335900831882,-26983.882392806096,0.0,-8725.32690166924,58,26,1,726
89,130,500,-295484.1194896442,0.7761194029850746,0.102,1471.7592376663583,62635.865418756475,-11900.0,-159889.07,-1742.9399733404923,-177160.2160980271,0.0,-8899.518074698724,404,11,2,731
90,131,500,-377115.3030508848,0.6584158415841584,0.08666666666666667,1098.062895900521,60250.88300955596,-7250.0,-215008.78000000067,-1356.1729582595613,-205849.4794206687,0.0,-8999.816577412867,470,5,1,967
91,132,500,-184750.3063077945,0.81,0.106,1378.8818689514073,72594.11480074206,-11700.0,-219829.8700000007,-1396.0442456112874,-17040.91557647954,0.0,-8756.473155396965,36,12,1,1047
92,133,500,-157382.82955038283,0.7574257425742574,0.1,1761.7388275784713,66216.33446841639,-24250.0,-188308.1100000004,-2138.8856656428384,-1831.1180989877014,0.0,-8832.78908174695,4,25,3,889
93,134,500,-604311.6678498841,0.64,0.08333333333333333,1185.7750307437361,62729.74375990888,-15600.0,-241279.52000000107,-1582.6906048254846,-400426.2755305628,0.0,-9338.700505148212,916,15,2,1084
94,135,500,-256284.2177499793,0.285,0.036,998.6141893004032,30929.184010909386,-1050.0,-273748.2200000012,-3657.3891609489096,-791.8430211053244,0.0,-8964.563768134878,0,0,5,1266
95,136,500,-321519.8239461444,0.7114427860696517,0.09333333333333334,1269.571266349562,66598.62208056057,-20050.0,-226562.52000000092,-1035.6829880737475,-133044.77157001288,0.0,-8695.042734967736,304,22,1,1058
96,137,500,-525345.5616661033,0.29850746268656714,0.038,1093.3196014156947,24803.274238846403,-43300.0,-200255.7300000004,-2062.445376929881,-296237.67254990566,0.0,-9386.307579529343,678,49,2,1033
97,138,500,-179466.29006580092,0.615,0.08,1678.3765163229248,54267.59359925462,-17350.0,-207820.35000000094,-1710.6889844056734,0.0,0.0,-8531.221196972629,0,19,2,990
98,139,500,-484638.2256452199,0.535,0.06933333333333333,1031.3207541133356,55597.51415439118,-11050.0,-266295.1600000014,-854.5600300300791,-253753.84919458104,0.0,-9313.491329113142,572,10,1,1218
99,140,500,-300848.08667887317,0.5346534653465347,0.07,949.5290276459,48611.36748772463,-21750.0,-196422.39000000036,-2038.3647839408848,-121349.89613651049,0.0,-8848.332273792037,274,21,2,861
100,141,500,-158607.146253634,0.801980198019802,0.106,1233.3686759053899,70601.15480074205,-17600.0,-188165.93000000043,-604.7405512941999,-15353.256177772193,0.0,-8717.743001214922,34,20,0,827
101,142,500,-467642.488300026,0.5522388059701493,0.072,1417.915368268681,43032.474633318976,-19000.0,-182932.60999999996,-1184.2104564052638,-299705.6901436517,0.0,-9270.367701556868,674,10,1,1026
102,143,500,-239584.23661130748,0.582089552238806,0.076,1316.7312067615612,56055.15036129799,-12250.0,-233697.8900000003,-2328.6353631151733,-39617.415232287734,0.0,-9062.177583964218,86,13,3,1050
103,144,500,-342113.0431555398,0.5643564356435643,0.074,1431.307995827965,50682.88599501967,-14900.0,-210774.77000000054,-2668.108080098971,-157096.85146517592,0.0,-8787.507601112395,348,17,2,969
104,145,500,-322702.4548927808,0.615,0.08,1618.446139678847,49907.99359925466,-17250.0,-188944.85000000006,-2147.9751434705026,-156773.3161471436,0.0,-9112.753341100204,344,15,2,999
105,146,500,-619692.1501034604,0.6881188118811881,0.09066666666666667,955.8759246386576,67545.44821561211,-10700.0,-246382.92000000106,-2260.6454352442006,-419602.674465305,0.0,-9247.234343161845,962,11,2,1108
106,147,500,-266425.6149136258,0.2537313432835821,0.032,1267.3090252391307,24965.50081438731,-3000.0,-270031.90000000084,-1060.9088541204144,-10090.858723043588,0.0,-8474.757176088195,22,3,1,1359
107,148,500,-467561.86121873744,0.5373134328358209,0.07,1462.2351041070929,46805.247487724686,-12250.0,-220819.67000000016,-1719.9587171598748,-271703.7239777084,0.0,-9335.99111570073,614,13,2,1138
108,149,500,-149153.6020545675,0.746268656716418,0.098,1941.7978527350506,58863.92248740232,-27250.0,-136320.36999999968,-1948.4355471880617,-35424.36889967958,0.0,-9016.147947836933,78,22,2,638
109,150,500,-541692.5544171314,0.39303482587064675,0.050666666666666665,703.5579566036406,45349.75573057832,-1750.0,-291542.09000000166,-1488.2958196247591,-284389.46210171474,0.0,-8576.020182973167,650,1,2,1315
110,151,500,-153266.7330918574,0.7114427860696517,0.09333333333333334,1148.1185147727567,63110.942080560606,-13550.0,-193795.8600000002,-1717.4720834615975,0.0,0.0,-8462.461603728912,0,11,1,843
111,152,500,-417782.28192318766,0.5615763546798029,0.074,816.3041829138242,58031.925995019534,-9150.0,-259441.42000000118,-971.6628247718766,-197955.6720920945,0.0,-9111.757184255033,452,6,1,1180
112,153,500,-269485.88101457607,0.7326732673267327,0.09666666666666666,1634.4266284961295,60167.97746726813,-24800.0,-151361.8599999997,-2525.3552673220624,-143245.77434507356,0.0,-9355.295497944342,324,26,4,662
113,154,500,-189230.16106910075,0.6069651741293532,0.07933333333333334,1217.4310268407849,46127.80189193763,-32200.0,-131018.32999999957,-1325.350636316335,-63356.753902747645,0.0,-8674.959448814772,140,34,2,607
114,155,500,-590149.1812336127,0.33663366336633666,0.043333333333333335,859.8010925412661,29342.717417149077,-11700.0,-238598.58000000048,-304.97043545077065,-360934.87586382555,0.0,-8813.273444026374,818,3,0,1287
115,156,500,-350428.73666809645,0.45544554455445546,0.059333333333333335,1604.999257440226,30205.05847388356,-57150.0,-140770.72999999992,-2529.545609642536,-172607.93441237562,0.0,-9180.584377401983,390,18,2,1063
116,157,500,-172052.66933024355,0.735,0.096,1576.5252300497466,57985.7790888898,-15600.0,-146756.41999999963,-2089.479176236586,-58421.83362570172,0.0,-8747.24084724447,126,12,2,661
117,158,500,-514855.16701986175,0.69,0.09,1498.4724934472729,59256.670949425206,-12500.0,-201939.4000000006,-1519.5059153859902,-350443.40357644786,0.0,-9208.000970900333,802,14,1,985
118,159,500,-133049.27606604775,0.635,0.08266666666666667,1387.7050122399692,48519.93063490918,-13750.0,-143130.56999999948,-1352.6609045179691,-15913.773916531958,0.0,-8809.906892146486,36,13,1,636
119,160,500,-117860.83903668291,0.835,0.10933333333333334,1805.8257815187012,63145.72895650619,-34450.0,-113302.00999999967,-3300.5896176954793,-23043.821513173465,0.0,-8715.972643838595,48,37,5,561
120,161,500,-394773.24555707816,0.5472636815920398,0.07133333333333333,1172.9225641876174,53601.516795481024,-10050.0,-250777.48000000103,-179.74154102141756,-179787.20670073808,0.0,-8753.256674987108,400,9,0,1192
121,162,500,-84078.21306476044,0.855,0.112,1935.0551003581686,65185.97313785239,-39300.0,-101174.11999999949,-1832.4595636562326,0.0,0.0,-8892.661739314344,0,39,2,446
122,163,500,-418351.4566075563,0.57,0.074,1665.8595438882344,47568.885995019715,-29700.0,-191136.01000000033,-10208.937428286108,-227662.26428605695,0.0,-8878.990432120978,516,6,14,1090
123,164,500,-220887.53321586596,0.76,0.09933333333333333,2124.3590058240084,56063.88035076947,-22550.0,-116403.36999999962,-354.84187965764136,-131190.62674809783,0.0,-8576.93394470368,290,17,0,580
124,165,500,-266311.6293426077,0.7960199004975125,0.10466666666666667,1236.449087552453,67739.5819366979,-24650.0,-168276.1399999999,-3057.467537946762,-130646.94297096539,0.0,-8657.109857945636,290,29,4,741
125,166,500,-255375.51161770363,0.605,0.07866666666666666,1873.4472409412556,46551.032055872056,-39350.0,-130890.43999999952,-3058.362573483461,-121616.23551637774,0.0,-8884.95282465545,272,35,3,634
126,167,500,-445651.1588798033,0.495,0.064,1507.49743573999,48467.088213560855,-9200.0,-247476.12000000116,-1318.0060302057498,-228886.38385753785,0.0,-8745.234641360339,520,5,1,1175
127,168,500,-218254.0068745081,0.6485148514851485,0.08533333333333333,1880.8829001152073,45038.42259944,-23950.0,-127672.07999999949,-2200.986010704471,-102201.74733158134,0.0,-9148.499031777068,232,28,1,739
128,169,500,-470291.02259003755,0.18316831683168316,0.02266666666666667,337.30386989134473,27912.16083867571,-3700.0,-318314.87000000215,-39.12040999752858,-167089.1257904393,0.0,-9397.371098167781,380,4,0,1416
129,170,500,-463257.9922496295,0.29850746268656714,0.038,627.0270432490363,36449.63423884618,-2450.0,-303069.3000000021,-708.6195137204296,-185545.18700260046,0.0,-8561.547015404154,412,2,1,1409
130,171,500,-181347.3615896524,0.83,0.10866666666666666,1923.028962084454,65795.74608225463,-26600.0,-138168.66999999955,-2283.776438759712,-72935.0486406342,0.0,-9078.641554597412,166,17,2,669
131,172,500,-533533.0998263286,0.39215686274509803,0.051333333333333335,1631.26095602865,34868.04073057844,-33650.0,-200903.35000000047,-1863.5998703598716,-324281.7320422659,0.0,-9333.719600310023,732,17,1,1055
132,173,500,-104367.83946389798,0.7562189054726368,0.09933333333333333,1598.3902475129155,58337.100350769484,-30300.0,-123911.52999999958,-1067.7539148911073,0.0,0.0,-9024.046147288971,0,27,1,594
133,174,500,-623524.562042517,0.6287128712871287,0.08266666666666667,1211.8964711217204,60353.13063490889,-11050.0,-240448.23000000094,-751.3260038526396,-424250.3796321761,0.0,-8589.653512518678,970,13,0,1121
134,175,500,-168896.98916525024,0.6683168316831684,0.088,2304.4722939432877,52947.51295980484,-33950.0,-143722.40999999945,-3102.2695933962555,-34253.678279407985,0.0,-9120.6165461939,76,35,4,697
135,176,500,-428706.79705485835,0.7,0.09133333333333334,1584.6142308208518,59173.95678704086,-29450.0,-171620.36000000004,-2555.3726464568977,-276919.9590327969,0.0,-8919.676393466312,626,26,4,821
136,177,500,-336999.2714871996,0.51,0.066,1220.5204140740807,48697.67501379385,-10450.0,-236770.6800000009,-991.6266363627246,-129630.50358460461,0.0,-9074.656694099947,288,10,1,1097
137,178,500,-364781.09285782604,0.7107843137254902,0.09466666666666666,1059.0028062528388,68910.12845987084,-11750.0,-234174.76000000088,-2869.9933701115488,-176377.19238549043,0.0,-9578.278368347474,394,11,4,1045
138,179,500,-626392.0380169196,0.39303482587064675,0.050666666666666665,647.969986127489,45972.55573057833,-1950.0,-299946.17000000173,-742.6624768067179,-361488.51468392793,0.0,-8885.216572890984,824,3,0,1366
139,180,500,-133819.0907992328,0.6336633663366337,0.08333333333333333,1575.279094632766,52142.1437599091,-14300.0,-162971.37999999974,-1537.1262347615198,0.0,0.0,-8728.007419012776,0,11,1,715
140,181,500,-245493.95707374322,0.735,0.096,1224.5867536518172,62843.61908888973,-23250.0,-191197.91000000012,-2156.422449553639,-83912.36537322191,0.0,-9045.465093509005,186,9,2,994
141,182,500,-314169.99882847583,0.7475247524752475,0.09866666666666667,1400.3995305723654,67304.29771919033,-16300.0,-213421.03000000064,-3388.9256506729466,-140528.75298400217,0.0,-9235.987443563245,312,10,4,1045
142,183,500,-338875.1399088966,0.71,0.09266666666666666,1541.7232337422972,58404.70865398722,-37350.0,-157333.28999999986,-2141.3319384863635,-192925.2807636981,0.0,-9071.66909444142,438,39,3,768
143,184,500,-202777.63731597396,0.7014925373134329,0.092,1732.2008638756595,60891.46189342382,-27950.0,-196498.59000000032,-4244.850019532598,-28080.35546572835,0.0,-8627.50458801228,58,14,7,1043
144,185,500,-131523.03452775808,0.7661691542288557,0.10066666666666667,1497.144609220555,53231.464078806195,-39550.0,-66799.29999999997,-3286.677384013697,-67638.92661233553,0.0,-8976.73921943521,150,40,4,287
145,186,500,-307767.502125464,0.695,0.09066666666666667,1912.2479396497104,52380.26821561242,-7750.0,-183150.30000000048,-1629.7930783963861,-160560.74385854942,0.0,-8969.181343779957,368,4,2,1087
146,187,500,-285122.17452800093,0.65,0.08466666666666667,1446.5949876914858,54932.253133790975,-23800.0,-172252.33000000007,-4101.003356994812,-132096.46913321788,0.0,-9251.22015927061,294,25,5,770
147,188,500,-195908.8969836242,0.67,0.08733333333333333,1655.6092802181427,50542.66629313822,-14950.0,-153749.61999999965,-3692.1664173577456,-67255.36744118403,0.0,-8460.018698438418,148,16,4,795
148,189,500,-153474.88268944636,0.6915422885572139,0.09066666666666667,1630.7351659204744,47771.54821561248,-22800.0,-93642.14999999986,-5046.102435406428,-72242.37567974876,0.0,-9146.537955823731,156,24,7,426
149,190,500,-187453.52922471447,0.8009950248756219,0.10533333333333333,1581.698876699682,65713.96591185327,-29700.0,-140104.7199999996,-2832.232753627873,-73174.1829232771,0.0,-8938.058336361935,162,24,3,607
150,191,500,-198820.11446752216,0.6336633663366337,0.08333333333333333,1132.45298371033,46941.763759909176,-16950.0,-161493.15999999963,-1313.1942328242803,-58454.30564714646,0.0,-8683.67133117043,126,18,1,919
151,192,500,-391880.2781993505,0.5369458128078818,0.07066666666666667,1277.1428860758745,49814.43134093564,-11500.0,-220708.10000000062,-2016.4595716002632,-199901.57794585783,0.0,-8845.714908903867,454,10,2,1011
152,193,500,-465720.52193001175,0.6119402985074627,0.08,1236.0136832658156,54859.253599254575,-23650.0,-201045.52000000037,-1261.8966283800348,-286927.1387445149,0.0,-8931.233839636978,654,28,1,929
153,194,500,-323303.5954830076,0.38308457711442784,0.04933333333333333,949.7239310518581,35076.330862029354,-5800.0,-219238.0300000007,-602.2066322487512,-124409.15704426372,0.0,-9280.256599576413,278,4,0,965
154,195,500,-425964.2849544093,0.46534653465346537,0.06066666666666667,1880.5069149722256,28086.57452055491,-29000.0,-153567.31999999972,-554.8684795944121,-263446.67380057665,0.0,-9362.50410976486,596,32,0,1035
155,196,500,-89007.73360668054,0.73,0.09533333333333334,1688.2435432905897,53654.59092562454,-27450.0,-104127.17999999957,-4155.197067838138,0.0,0.0,-8618.191007757197,0,24,6,454
156,197,500,-258383.66176663878,0.6039603960396039,0.07933333333333334,1474.0888589927065,49459.78189193761,-32750.0,-156789.0700000002,-2954.4377596501563,-108217.27081314621,0.0,-8606.75394477258,236,41,3,703
157,198,500,-374791.1024106156,0.5792079207920792,0.076,1332.8981537102318,54435.870361297995,-13250.0,-238288.3700000009,-2125.5675027316706,-168135.8334291366,0.0,-8760.099993755239,376,14,3,1175
158,199,500,-589507.5217138733,0.5621890547263682,0.07333333333333333,1248.3654447237602,55804.129152914305,-8050.0,-246858.4300000009,-602.421235610755,-382032.93929027516,0.0,-9016.225785625516,874,7,1,1108
159,200,500,-107460.50440750028,0.5147058823529411,0.068,1984.363750705965,29085.933156331306,-55900.0,-49504.06999999997,-3358.5679149652483,-21150.00030058724,0.0,-8618.163098984505,44,64,3,274
160,201,500,-232027.08385130536,0.7376237623762376,0.09733333333333333,1175.545761913712,54440.2904874025,-8650.0,-143012.8899999995,-7295.560790341537,-119760.08441645531,0.0,-8924.384893824217,260,7,11,773
161,202,500,-277022.89893020596,0.5124378109452736,0.06666666666666667,2732.5472350645946,34365.71326622132,-61000.0,-145636.7199999999,-1378.3292823016563,-97642.81037242676,0.0,-8463.299776762806,214,19,1,1175
162,203,500,-300397.0616263553,0.7227722772277227,0.09533333333333334,1838.3995077677744,61283.89092562445,-31350.0,-168742.1299999993,-1772.4591912279266,-152739.92244514293,0.0,-8914.840423376112,344,30,2,811
163,204,500,-218413.38291925038,0.5891089108910891,0.07733333333333334,1635.8947168056059,42943.00618810353,-15900.0,-150394.51999999964,-3299.9927433324683,-84828.95818654289,0.0,-8568.812894283777,192,18,4,800
164,205,500,-466066.5503250684,0.5422885572139303,0.07066666666666667,1249.376123688982,50592.9313409356,-19850.0,-212607.42000000065,-1600.4117393673882,-274598.0771341962,0.0,-9252.948916129255,620,20,2,956
165,206,500,-582779.6603449759,0.285,0.036,440.36845802658326,36970.34401090927,0.0,-308307.39000000205,-238.84716066403251,-302699.8639967853,0.0,-8944.271656462326,688,0,0,1361
166,207,500,-197491.51961163213,0.39,0.05,2139.9081471390145,10739.615477413823,-6150.0,-110354.4099999997,-2027.890036565405,-82616.0930820517,0.0,-9222.65011756779,186,9,3,877
167,208,500,-168009.14590108203,0.7263681592039801,0.09533333333333334,1222.8281481007598,50820.850925624625,-40650.0,-88329.90999999986,-396.624611913358,-81839.13599661313,0.0,-8837.154366280269,184,42,0,473
168,209,500,-295911.2933333323,0.615,0.08,1154.772352903039,60059.6335992545,-13000.0,-243127.82000000114,-3055.8043614610174,-89039.70664251814,0.0,-8902.368281510415,200,10,4,1114
169,210,500,-293002.7815388079,0.58,0.07533333333333334,1433.9809707871523,46853.60728437506,-15950.0,-185571.38000000024,-2827.3134797370867,-128205.3326731603,0.0,-8736.343641072823,286,14,4,955
170,211,500,-431798.0165109259,0.69,0.09,1383.7385129931174,61405.330949425166,-9700.0,-211377.4900000006,-1068.7081091316807,-263516.3330694611,0.0,-8924.554794751257,596,10,0,980
171,212,500,-147913.11192100673,0.515,0.06666666666666667,2514.9161730904475,31220.57326622137,-10000.0,-135948.26999999976,-2456.3753361037016,-24233.518726427174,0.0,-9010.437297787206,52,10,2,783
172,213,500,-415162.1940861089,0.5891089108910891,0.07733333333333334,1006.7842309755732,58481.866188103246,-23900.0,-238050.27000000098,-917.7233686469609,-202349.52151364126,0.0,-9433.32962289942,454,29,1,1079
173,214,500,-161366.2599874982,0.745,0.09733333333333333,1871.7788310329013,55654.75048740245,-36800.0,-115253.02999999959,-1308.3782439674615,-56536.76435069303,0.0,-8994.616711272749,126,41,1,562
174,215,500,-159580.95184019773,0.7611940298507462,0.1,1647.1570713820527,58431.33446841655,-37650.0,-127002.68999999954,-1559.0057960290055,-44697.02850568844,0.0,-8750.7190782786,98,30,2,681
175,216,500,-90211.74828775399,0.585,0.076,1082.1640774267769,31298.850361298457,-19550.0,-65832.63999999994,-586.2946394850293,-27596.70066196904,0.0,-9027.127425024504,62,20,0,411
176,217,500,-105993.68581165657,0.8109452736318408,0.10666666666666667,1728.500199377171,59108.431978656336,-30700.0,-98163.23999999979,-2897.8054980550687,-26137.829492005858,0.0,-8931.742999628743,56,25,4,499
177,218,500,-229267.9202733693,0.6417910447761194,0.084,1213.936927693122,47293.84236456035,-22200.0,-139938.05999999985,-1480.8092227669931,-105716.46186095402,0.0,-8440.368481901469,238,21,1,740
178,219,500,-459368.9171357564,0.5174129353233831,0.06733333333333333,898.183180878327,55781.801727759404,-9450.0,-275655.0200000014,-1683.2083346788247,-220120.6693493115,0.0,-9140.004360403942,494,9,2,1237
179,220,500,-228767.76205803402,0.6534653465346535,0.086,1655.6649678732065,54731.23714489439,-26250.0,-173490.43000000005,-5765.659399440348,-70329.91363643116,0.0,-9318.661134930046,152,18,8,879
180,221,500,-406287.5428732631,0.599009900990099,0.07866666666666666,666.6806924137322,63179.7920558718,-13550.0,-270953.6600000013,-1347.2404527428391,-175142.0328843731,0.0,-9141.082284432745,392,20,2,1191
181,222,500,-147528.67284092584,0.7014925373134329,0.092,2010.6339395347263,49494.22189342397,-26650.0,-114344.18999999974,-1677.6951499936047,-47449.98556204419,0.0,-8911.657961846267,106,28,1,628
182,223,500,-126508.98714437213,0.74,0.09666666666666666,1998.5280438566165,54749.61746726826,-37400.0,-130567.99999999965,-1039.277684556218,-5491.338869819045,0.0,-8758.5161011214,12,26,1,795
183,224,500,-115977.41299727044,0.845771144278607,0.11133333333333334,1306.9215245124149,65532.63524311551,-38050.0,-125574.79999999952,-3285.4456701720546,-7077.566407410796,0.0,-8829.157687315153,14,28,4,692
184,225,500,-602174.7784361863,0.555,0.072,1272.0637187310501,53526.654633318874,-28850.0,-230129.19000000064,-589.5878690401013,-388476.4824071367,0.0,-8928.236512058907,880,11,0,1158
185,226,500,-128297.96350867907,0.6354679802955665,0.084,1855.1297337143376,47200.42236456032,-31200.0,-113757.78999999943,-1858.9381572076627,-22056.04134526625,0.0,-8480.746104479518,46,33,1,494
186,227,500,-84641.01387850198,0.67,0.08733333333333333,1793.0765731053307,41854.60629313836,-23200.0,-81742.83999999984,-594.0829233358415,-14078.497803560826,0.0,-8673.27601784852,28,16,0,500
187,228,500,-231202.58750396536,0.45,0.058,2981.774356714091,21639.167561317998,-4750.0,-140357.11999999985,-3612.4505239226028,-98401.0014501094,0.0,-8702.957447964856,218,4,4,982
188,229,500,-147580.09007446625,0.685,0.08933333333333333,1674.3323953913582,53458.71964507752,-25500.0,-148197.23999999967,-2132.460003063428,-17862.580375149348,0.0,-9020.861736722047,36,18,3,734
189,230,500,-202985.8402878932,0.7562189054726368,0.09933333333333333,1608.5731110523625,61077.42035076944,-16600.0,-164187.02999999974,-2224.7603980622653,-73914.51873885843,0.0,-8745.52461279404,158,16,3,781
190,231,500,-166123.19854458285,0.7960199004975125,0.10466666666666667,1356.3141400755728,58802.401936698014,-41600.0,-111813.57999999983,-2091.4962077343516,-61317.08933243352,0.0,-9459.749081188284,132,41,2,643
191,232,500,-175698.37512090677,0.7722772277227723,0.102,1438.9569671031672,61514.82541875645,-35450.0,-136835.33999999953,-3115.1388021991365,-54372.647369934595,0.0,-8879.031334632493,118,20,4,728
192,233,500,-106011.92769079251,0.78,0.102,1465.635622537676,59148.185418756526,-21800.0,-130711.52999999926,-3397.315797676851,-1793.0787503995557,0.0,-8923.8241840099,4,17,4,644
193,234,500,-189997.97004962605,0.7661691542288557,0.10066666666666667,1394.3682194779462,67369.02407880602,-30650.0,-192584.30000000042,-2517.9243252524675,-24186.648712860046,0.0,-8822.489309797209,50,35,3,912
194,235,500,-182089.10461810938,0.685,0.08933333333333333,1335.8113036854345,52399.959645077535,-29100.0,-133442.81999999954,-1957.7615404264382,-62290.35472458995,0.0,-9033.939301855742,136,30,2,618
195,236,500,-329335.4337148424,0.565,0.07333333333333333,1105.3881493344,55492.7291529143,-15600.0,-237576.80000000095,-941.3439669534205,-122577.2112929595,0.0,-9238.195757178331,280,15,1,1069
196,237,500,-223495.21892854534,0.7536945812807881,0.1,1562.6752848049712,57683.974468416556,-30650.0,-114307.44999999963,-1213.669981319295,-127692.0039338609,0.0,-8878.744766586382,290,32,0,525
197,238,500,-466002.4347932755,0.7213930348258707,0.09466666666666666,1698.3658544301904,61965.90845987098,-35700.0,-176623.75999999998,-1825.9957940176766,-306918.40535283077,0.0,-8598.547960727941,706,42,1,847
198,239,500,-235206.8690222156,0.7263681592039801,0.09533333333333334,1919.956053376075,53280.910925624565,-16850.0,-128932.61999999952,-2890.6604504717175,-132651.0443258997,0.0,-9083.411224844403,302,14,4,663
199,240,500,-437740.0736969749,0.47761194029850745,0.062,934.0174397550225,50440.91623108086,-6700.0,-269348.2200000012,-2141.391609861523,-201803.6525097386,0.0,-9121.743248210461,452,7,3,1224
200,241,500,-22486.73446473013,0.7389162561576355,0.098,1923.5091454073206,45100.042487402665,-24800.0,-30272.099999999897,-5694.4894918605805,0.0,0.0,-8743.696605678968,0,20,8,138
1,42,500,-382645.68402897555,0.2835820895522388,0.036,511.9823523310047,35755.884010909285,-1600.0,-297724.400000002,-3519.5709809914115,-107296.96028554851,0.0,-8772.61912567567,236,1,5,1315
2,43,500,-176794.92483945913,0.7401960784313726,0.09866666666666667,1312.8982906294818,66338.95771919038,-26450.0,-204716.95000000007,-1735.240777845737,-2994.0670775848685,0.0,-8550.522993848192,6,38,1,980
3,44,500,-272696.5876586721,0.43,0.05533333333333333,1053.9560067632005,44542.751047281505,-4350.0,-264192.4400000012,-46.38711740822454,-40737.798287016194,0.0,-8966.669308292267,90,3,0,1215
4,45,500,-240461.06002831686,0.5396039603960396,0.07066666666666667,1528.0854121839477,41904.87134093578,-13300.0,-185715.60000000018,-156.90582682662088,-75989.1230668413,0.0,-8732.387887768133,168,16,0,995
5,46,500,-294181.9135560788,0.6,0.078,1203.317624877852,54571.936188103326,-30600.0,-207563.890000001,-1712.4911694355262,-100810.09612978584,0.0,-9270.690069838322,222,18,1,1038
6,47,500,-223155.52118758473,0.6502463054187192,0.086,1420.2176655298326,58436.89714489431,-5150.0,-222753.68000000098,-580.6715118280869,-45876.51590612102,0.0,-8651.768580059712,96,5,0,1083
7,48,500,-167450.29164301133,0.746268656716418,0.098,1651.8297076769722,60234.08248740241,-22200.0,-157109.48,-3641.15092824318,-37302.13268450775,0.0,-9083.440225339435,82,24,5,751
8,49,500,-221282.4265574061,0.66,0.086,1185.075510020595,60710.1171448943,-7900.0,-233563.88000000027,-918.6296337473925,-31675.160683742284,0.0,-9119.948894830988,70,7,1,1110
9,50,500,-322739.3207081902,0.42,0.054,905.8648080976326,43688.57372854004,-9550.0,-264766.5900000008,-3314.9768994244364,-80966.12605267696,0.0,-8736.066292726817,180,13,5,1223
10,51,500,-363130.9270397893,0.47761194029850745,0.062,1046.2006603910813,48261.11623108091,-13400.0,-254129.18000000066,-179.7629869528699,-135677.53385690495,0.0,-9051.767087403165,306,8,0,1208
