time/iterations,custom/collisions_uav_uav_mean,custom/valid_action_fraction_mean,rollout/ep_len_mean,time/total_timesteps,custom/collisions_uav_static_obstacle_mean,custom/reward_exploration_mean,time/fps,time/time_elapsed,custom/reward_energy_efficiency_mean,custom/collisions_uav_dynamic_obstacle_mean,custom/collisions_uav_boundary_mean,custom/reward_coverage_mean,custom/coverage_fraction_mean,custom/reward_boundary_mean,custom/reward_collision_avoidance_mean,rollout/ep_rew_mean,custom/reward_dynamic_obstacle_avoidance_mean,custom/reward_uav_separation_mean,custom/reward_mission_completion_mean,custom/reward_total_mean,train/clip_fraction,train/n_updates,train/approx_kl,train/learning_rate,train/clip_range,train/explained_variance,train/value_loss,train/policy_gradient_loss,train/entropy_loss,train/loss,eval/mean_reward,eval/mean_ep_length
1,36.62,0.17714362475997533,500.0,2048,13.95,5.514528747629855,205,9,-16.49427623950135,1.17,673.62,578.011103859376,0.12872920984308112,-353.76179999999994,-108.0,-328289.34548375,-2.2880831374191075,-45.381287737939566,0.0,57.60018549214582,,,,,,,,,,,,
2,2.46,0.43672408190506795,500.0,4096,0.84,8.860872563828462,121,33,-16.500944615467724,0.23,54.92,1006.8860634473335,0.09829345917471466,-127.8435,-51.5,-312726.1462875,-7.369707079160781,-9.0750403456206,0.0,803.4577439709132,0.23642578125,10,0.03151162,0.0003,0.2,-0.3590216636657715,0.20402989574358799,-0.06837147414917126,-4.820763564109802,-0.169449582695961,,
3,0.0,0.3118325407010958,500.0,6144,0.18,4.709340124819244,114,53,-17.08070320879064,0.0,18.44,311.75747304882,0.12239825870646764,-325.48969999999997,-34.5,-310722.25995725,-1.0000452899113856,-0.8280770964996396,0.0,-62.43171242156247,0.348876953125,20,0.043361694,0.0003,0.2,0.6212865710258484,0.027541156941151713,-0.09535314258828294,-4.799021565914154,-0.18953116238117218,,
4,0.0,0.26368531725252636,500.0,8192,3.47,5.031995021662205,131,62,-17.0601893964039,0.69,33.31,306.7563881525319,0.15485841584158416,-302.2244,-95.0,-303811.107186,-16.825128676134955,-1.465280127464734,0.0,-120.78661502580944,0.421533203125,30,0.04920026,0.0003,0.2,0.7194927334785461,0.01790918932383647,-0.10428466509329155,-4.786293292045594,-0.192630335688591,,
,,,,10000,,,,,,,,,,,,,,,,,0.467822265625,40,0.056341078,0.0003,0.2,0.7749630212783813,0.01527294335392071,-0.11042120313795749,-4.7631958544254305,-0.20031167566776276,-319630.3399432,500.0
5,0.36,0.2149809029782552,500.0,10240,2.76,3.871368824933386,124,82,-16.088052301530645,0.25,61.75,155.35893455224772,0.1677233830845771,-369.27200000000005,-51.0,-301003.5322901,-1.9230163113899155,-8.961932511580864,0.0,-288.01469774732027,,,,,,,,,,,,
6,1.78,0.2081983661931305,500.0,12288,1.25,1.0191980619999195,136,89,-18.079749726105575,0.0,84.88,69.054114856948,0.19881739810919552,-571.9250000000002,-1.5,-301747.0260693333,-1.3536332617792721,-47.227378377823136,0.0,-570.01244844676,0.491015625,50,0.060398716,0.0003,0.2,0.899446427822113,0.016018388218799372,-0.10968309259042144,-4.741035950183869,-0.1994217038154602,,
7,0.94,0.2441428284674314,500.0,14336,3.34,0.9863833266406796,146,98,-18.427101848915093,0.23,83.99,43.248174885057914,0.27502487562189054,-557.9182000000001,-31.5,-301353.07787407143,-7.448383953745726,-11.660143224542454,0.0,-582.7192708155047,0.508935546875,60,0.07215891,0.0003,0.2,0.7472589612007141,0.016818542805413016,-0.11116424488718621,-4.725226485729218,-0.19515062868595123,,
8,0.5,0.1511961069894077,500.0,16384,3.01,1.2911382194031273,151,107,-17.792938010803574,0.31,145.27,47.86751091820716,0.2037064676616915,-567.1767000000001,-10.0,-299396.79730621877,-6.5140459131038835,-1.6240211520290422,0.0,-553.9490559383262,0.512841796875,70,0.07590449,0.0003,0.2,0.6030216217041016,0.015191810150281527,-0.10992525205947459,-4.704017531871796,-0.199046790599823,,
9,0.5,0.1704495980724481,500.0,18432,2.5,0.6401739926739927,158,116,-16.21457580563316,0.0,142.06,25.63607525141898,0.25785221674876846,-610.9590000000001,0.0,-302113.9277169445,-2.5078597911734346,0.0,0.0,-603.4051863527136,0.5435546875,80,0.07946171,0.0003,0.2,0.5626272559165955,0.014300598502450157,-0.11607140671694652,-4.6668554782867435,-0.1959395855665207,,
,,,,20000,,,,,,,,,,,,,,,,,0.55625,90,0.0817098,0.0003,0.2,0.7296255826950073,0.013311180798336864,-0.114703308371827,-4.671537929773331,-0.19823220372200012,-305087.88691520004,500.0
10,8.14,0.16213171768382467,500.0,20480,4.25,0.5984271652017984,150,135,-15.494099428754588,2.25,167.47,14.795134215777095,0.2752238805970149,-592.9454000000002,0.0,-299226.73869614996,-0.1663227074282757,-11.493372308328565,0.0,-604.7056330635326,,,,,,,,,,,,
11,8.36,0.11020658027858693,500.0,22528,1.5,0.9803336940836942,157,143,-17.190203881793444,0.0,258.62,26.678742707361852,0.2105136269870161,-589.1903000000001,-4.5,-297055.70370440907,-0.7072189619269165,-49.045014841896126,0.0,-632.9736612841708,0.575048828125,100,0.09183335,0.0003,0.2,0.659171998500824,0.01304056273002061,-0.11321693896898069,-4.612572860717774,-0.19190971553325653,,
12,2.1,0.11461053573375703,500.0,24576,5.92,0.4815617715617715,163,150,-17.62849565546101,1.0,247.54,-8.719199999999999,0.23963899713256379,-605.2039000000001,-11.5,-297727.22871958336,-2.326871494210317,-10.29291598804976,0.0,-655.1898213661592,0.5662109375,110,0.09375776,0.0003,0.2,0.6908353567123413,0.011766904011165025,-0.11649627154110931,-4.606726962327957,-0.1970001459121704,,
13,1.8,0.09401071096484394,500.0,26624,1.75,0.09624125874125873,169,157,-17.703247288687603,1.18,337.76,9.196822527763088,0.21652067632136351,-667.5032000000001,-1.5,-297813.83648413466,-6.207738612191039,-36.79822393215349,0.0,-720.419346046528,0.58310546875,120,0.095306456,0.0003,0.2,0.6566213369369507,0.012800454042371711,-0.11678157775022555,-4.5932293951511385,-0.19572217762470245,,
14,10.58,0.12279539104307666,500.0,28672,8.25,0.40203250500565074,174,164,-18.594384915695038,0.0,272.06,-5.732159999999998,0.2979858279945641,-587.4420000000001,-13.0,-300080.2381884285,-0.8322538584793264,-158.73497316940703,0.0,-783.9337394385759,0.581298828125,130,0.09793516,0.0003,0.2,0.6894510984420776,0.013170864696439822,-0.11599339853855781,-4.581132477521896,-0.19153383374214172,,
,,,,30000,,,,,,,,,,,,,,,,,0.59287109375,140,0.10122738,0.0003,0.2,0.7698239088058472,0.013403650300460868,-0.11660369056044147,-4.550836730003357,-0.19319859147071838,-273621.7015046,500.0
15,4.72,0.055658251369749084,500.0,30720,11.38,0.071875,167,183,-18.723767204526734,0.75,393.64,4.1930689655172415,0.1537715106247041,-661.7481000000002,-24.0,-297969.67686425,0.0,-72.35969023286903,0.0,-772.5666134718786,,,,,,,,,,,,
16,12.66,0.06998542467460137,500.0,32768,2.75,0.21387254901960784,171,190,-18.500861788276534,0.25,419.81,5.491594503171249,0.2011945096266418,-636.9794,0.0,-299867.34615503123,-1.3492511484240006,-21.66137113493751,0.0,-672.7854170194472,0.60830078125,150,0.10455608,0.0003,0.2,0.6816198229789734,0.012055504352974821,-0.1184291295328876,-4.516396570205688,-0.2013091892004013,,
17,21.96,0.07311063728852017,500.0,34816,3.8,0.13944534632034633,174,199,-17.85726008343184,0.63,440.65,6.705622527763088,0.22428710408354266,-643.7345000000001,-18.0,-299997.25481836766,-6.80292054971786,-66.8766385989751,0.0,-746.4262513580413,0.58525390625,160,0.10123989,0.0003,0.2,0.7185336351394653,0.014209488093547407,-0.11575642584357411,-4.5065633177757265,-0.1950598508119583,,
18,11.28,0.05644314612420622,500.0,36864,2.25,0.25837789661319077,178,206,-16.51086513535268,0.29,499.06,-4.0482,0.18645633220038418,-650.2379000000002,0.0,-300067.616582125,-8.715356953209078,-54.302422560270244,0.0,-733.5563667522189,0.60546875,170,0.11569218,0.0003,0.2,0.4246065020561218,0.013496662965189898,-0.11925911395519506,-4.517102843523025,-0.19727885723114014,,
19,10.54,0.05523136539606572,500.0,38912,5.5,0.23507541478129712,182,213,-18.478964714793456,0.76,531.35,-4.0482,0.1923231966053748,-650.2379000000002,0.0,-300031.90796100005,-9.771728935054421,-29.938794090609644,0.0,-712.2405123256764,0.593603515625,180,0.11020273,0.0003,0.2,0.7000775933265686,0.0122373339952901,-0.11651391234481707,-4.473638170957566,-0.19102846086025238,,
,,,,40000,,,,,,,,,,,,,,,,,0.612548828125,190,0.11819425,0.0003,0.2,0.7066024541854858,0.01186791756990715,-0.11944233672402334,-4.456570881605148,-0.1960018426179886,-323906.7479084,500.0
20,11.2,0.06323305419161437,500.0,40960,3.25,0.0626129426129426,175,233,-18.98340225075953,0.29,534.26,2.622753191489362,0.2303569306930693,-656.2447000000002,0.0,-300422.7583076625,-8.142312305099818,-17.82651477684807,0.0,-698.511563198605,,,,,,,,,,,,
21,61.36,0.08653651280423835,500.0,43008,2.0,0.11807692307692307,179,240,-16.816619543541663,1.0,537.57,-3.4254,0.32276733892601084,-653.7413000000001,0.0,-300678.8552806072,0.0,-150.7483641216132,0.0,-824.6136067420779,0.6255859375,200,0.12049468,0.0003,0.2,0.6390160322189331,0.011699505066644633,-0.11821247590123676,-4.444636678695678,-0.19489550590515137,,
22,16.74,0.07049426957108845,500.0,45056,6.25,0.08769480519480519,182,246,-16.206470062924595,0.75,589.09,3.4689512195121956,0.2784014983367318,-659.7481000000002,0.0,-300728.3511211364,0.0,-63.70660029942964,0.0,-736.104524337647,0.615087890625,210,0.12840678,0.0003,0.2,0.5922789573669434,0.013259317912888946,-0.11195245268754661,-4.437684935331345,-0.18795204162597656,,
23,23.06,0.08449116713890227,500.0,47104,4.05,0.11213489941431119,185,253,-17.23210493421235,1.75,576.44,-1.1737058823529396,0.34732710211319634,-625.7209000000001,-18.0,-301111.3257092391,-0.3109690844448341,-239.7679237881743,0.0,-902.0934687897701,0.61875,220,0.13410017,0.0003,0.2,0.8415749073028564,0.011449878519852064,-0.11665099096135237,-4.410269689559937,-0.19450698792934418,,
24,16.32,0.04150805304177698,500.0,49152,2.5,0.10398154477101848,188,260,-16.234416144405806,1.5,696.14,3.664543734015347,0.1850065723287922,-636.4760000000002,0.0,-300119.30129665625,-1.2599325826827041,-56.49420900801164,0.0,-706.6960324563137,0.634130859375,230,0.1369695,0.0003,0.2,0.8663536310195923,0.011614390444083255,-0.11885343611938878,-4.379275971651078,-0.19457602500915527,,
,,,,50000,,,,,,,,,,,,,,,,,0.6228515625,240,0.13076268,0.0003,0.2,0.7968809604644775,0.011563823457981926,-0.11591656320379115,-4.353265273571014,-0.19226059317588806,-292445.9074724,500.0
25,30.28,0.04748348735260717,500.0,51200,6.5,0.4443499147910912,185,275,-15.995447028936233,2.0,692.59,-12.144599999999999,0.21937189054726366,-576.6801000000002,-12.0,-300555.6759354,0.0,-47.53783322007284,0.0,-663.9136303342179,,,,,,,,,,,,
26,19.58,0.04902557569610886,500.0,53248,6.25,0.13895548895548895,188,282,-17.185732825528213,2.0,708.76,0.6602625000000003,0.23360148514851484,-646.9862000000003,0.0,-299407.49339363,-0.01255976574579023,-134.96049704457616,0.0,-798.3457716468947,0.623828125,250,0.13170302,0.0003,0.2,0.7869916558265686,0.012420376256341115,-0.12005136195220985,-4.304785352945328,-0.19505561888217926,,
27,11.66,0.04752393226256299,500.0,55296,14.57,0.33943001443001447,191,288,-17.665200932708355,0.66,744.46,-1.8565764705882344,0.23643557213930347,-604.2039000000001,-47.0,-299597.23320927005,-6.9173611763277565,-9.901234183916982,0.0,-687.2048427491114,0.62177734375,260,0.13809046,0.0003,0.2,0.715795636177063,0.010282261390966597,-0.11722617413615807,-4.3098007321357725,-0.19077609479427338,,
28,48.78,0.055840428748756506,500.0,57344,1.75,0.0,194,294,-18.860786045107464,0.25,816.25,0.0,0.28429295354908624,-675.51,0.0,-299061.47362758004,0.0,-91.16070146897796,0.0,-785.5314875140853,0.63916015625,270,0.1379832,0.0003,0.2,0.7994897365570068,0.011376274943177122,-0.11965760110178962,-4.295026648044586,-0.19680120050907135,,
29,23.7,0.06376946241612581,500.0,59392,7.0,0.16333333333333336,197,301,-20.358265073481004,0.75,795.41,-2.8026,0.3338197625732722,-657.2447000000002,0.0,-299895.15199565,0.0,-155.09848810601312,0.0,-835.3407198461608,0.609814453125,280,0.1425705,0.0003,0.2,0.7752079367637634,0.012488022320030722,-0.11328597944811918,-4.284680014848709,-0.19165568053722382,,
,,,,60000,,,,,,,,,,,,,,,,,0.63505859375,290,0.14451134,0.0003,0.2,0.8137125968933105,0.009984176693615154,-0.1173299901172868,-4.311851167678833,-0.19664797186851501,-316179.27048619994,500.0
30,33.68,0.04397270033101914,500.0,61440,7.5,0.32995004995004995,193,317,-18.66290849275331,2.5,837.65,-1.0461999999999991,0.24372238805970148,-620.2175000000002,-10.0,-300071.11668220995,-0.7925304791904031,-74.01656492158699,0.0,-724.4057538435806,,,,,,,,,,,,
31,34.9,0.04307284339345504,500.0,63488,9.21,0.08464646464646464,194,325,-16.498886723406816,0.5,876.22,-6.5394,0.2467101990049751,-629.4692000000002,-8.5,-299617.11144613,-0.1445704925170001,-47.313597728228224,0.0,-708.3810084795057,0.62822265625,300,0.13040388,0.0003,0.2,0.8033110499382019,0.011535901882234611,-0.11838549373787828,-4.279592567682267,-0.1934860199689865,,
32,28.8,0.04302692558301444,500.0,65536,12.59,0.23087705895755437,197,332,-17.49692439944968,2.0,951.88,-4.671,0.2529515459817432,-639.4828000000002,-13.5,-299430.86116946,0.0,-57.32970479412265,0.0,-732.2495521346148,0.6408203125,310,0.14682105,0.0003,0.2,0.8688268661499023,0.011041497846963465,-0.12303843260742724,-4.257151538133622,-0.19918370246887207,,
33,50.72,0.04168136962949594,500.0,67584,6.25,0.18915441176470588,199,338,-19.145889717319566,1.25,992.58,-3.114,0.2543718905472636,-652.993,0.0,-300563.20756355,-0.4346754567222055,-84.39594454555798,0.0,-759.8943553078349,0.63544921875,320,0.13943735,0.0003,0.2,0.7964487075805664,0.011459191739049857,-0.11602093682158739,-4.236839652061462,-0.18982277810573578,,
34,69.94,0.0359967881300949,500.0,69632,6.0,0.2314765300059418,201,345,-17.497683789552053,0.75,1027.77,-5.9166,0.22690922920892498,-640.7277000000001,0.0,-300053.31340587995,0.0,-66.6392308942496,0.0,-730.5497381537957,0.625732421875,330,0.14789063,0.0003,0.2,0.8094578981399536,0.013783333247920382,-0.11762860615272075,-4.232186961174011,-0.1910713165998459,,
,,,,70000,,,,,,,,,,,,,,,,,0.604833984375,340,0.1315893,0.0003,0.2,0.702555775642395,0.012451135164883453,-0.11464254055172204,-4.215265166759491,-0.18355576694011688,-312719.2107132,500.0
35,31.0,0.03742093644562867,500.0,71680,4.5,0.08444444444444445,198,360,-16.60357774294553,0.0,1057.96,10.473994503171248,0.2428586030244815,-671.0066,0.0,-301990.81427991,-2.6986266888852355,-94.86721581059417,0.0,-774.6175812948092,,,,,,,,,,,,
36,90.22,0.03668461512963857,500.0,73728,6.0,0.27944444444444444,200,366,-18.128334633704824,2.75,1078.5,-1.9441636363636343,0.24377844217919328,-625.4692000000002,0.0,-303136.67593023996,0.0,-76.75148754253907,0.0,-722.013741368163,0.63935546875,350,0.15461488,0.0003,0.2,0.8821287155151367,0.011916576080329833,-0.11871686833910644,-4.214384132623673,-0.19466347992420197,,
37,53.76,0.02990802663397336,500.0,75776,2.25,0.07977941176470589,202,373,-17.45598639913473,0.67,1145.09,-5.605199999999999,0.20745899216787353,-637.9794,0.0,-303991.19923166,-8.470949023649666,-17.961576363895414,0.0,-687.3933323749152,0.619677734375,360,0.14216143,0.0003,0.2,0.6218900680541992,0.013630423924769274,-0.11432187981554306,-4.190554851293564,-0.18864355981349945,,
38,46.02,0.04242861147291016,500.0,77824,8.0,0.2916887524240465,204,379,-15.403065916007987,1.5,1100.65,-10.899000000000001,0.29566183859029976,-600.7005,0.0,-304513.21790353005,-0.09300129412006272,-82.22551302193104,0.0,-709.0293914796349,0.62578125,370,0.13474798,0.0003,0.2,0.8380095958709717,0.011508677178062499,-0.11928770848899148,-4.188546222448349,-0.18912233412265778,,
39,51.14,0.041859885482057616,500.0,79872,7.25,0.0,206,386,-17.189691243287548,1.25,1142.0,0.0,0.3002227722772277,-675.51,0.0,-302826.00949913,0.0,-118.29000805881144,0.0,-810.9896993020988,0.631982421875,380,0.15149775,0.0003,0.2,0.8553249835968018,0.009959382352462853,-0.11663124124752358,-4.157289755344391,-0.19224777817726135,,
,,,,80000,,,,,,,,,,,,,,,,,0.63056640625,390,0.15457821,0.0003,0.2,0.8313894867897034,0.010293172871752177,-0.11749099738080986,-4.177613818645478,-0.19281376898288727,-302873.276972,500.0
40,52.62,0.03566991193921255,500.0,81920,11.5,0.2863357843137255,203,401,-19.02900193885491,2.0,1163.35,-0.24215510204081625,0.2646816831683169,-635.9794000000002,0.0,-303966.27404991,-0.7840506448781629,-81.11394333162878,0.0,-736.862215233089,,,,,,,,,,,,
41,31.96,0.02674214775018592,500.0,83968,9.67,0.2947513597513598,205,408,-17.115951598896537,1.0,1253.82,-9.341999999999999,0.20626393892605932,-608.2039000000001,-8.5,-302680.79647440003,0.0,-64.16563145692179,0.0,-707.032731696067,0.6142578125,400,0.15979451,0.0003,0.2,0.8513379096984863,0.011177286995371105,-0.11736431933240965,-4.147751128673553,-0.19370068609714508,,
42,57.46,0.10260662908498336,500.0,86016,10.58,2.2256416021684897,206,416,-16.51673124968975,0.84,1046.84,365.47441714285713,0.21560617500731638,-523.3944000000001,-25.5,-302847.9549010701,-0.9789584121360332,-47.31670415688225,0.0,-246.0067350736823,0.636474609375,410,0.14963955,0.0003,0.2,0.784829318523407,0.010054518115066458,-0.12132849288755096,-4.081228005886078,-0.1903851330280304,,
43,13.34,0.2522789476452397,500.0,88064,1.32,6.392815967105238,208,422,-16.67679372597736,0.36,464.54,653.3161463928924,0.13434980436847924,-300.2176,-39.0,-302414.72266544,-0.23130970545943363,-9.03180047582783,0.0,294.551458452733,0.611767578125,420,0.15616404,0.0003,0.2,0.8757829070091248,0.010248753527775989,-0.11483816026011481,-4.117636936903,-0.18467400968074799,,
,,,,90000,,,,,,,,,,,,,,,,,0.618505859375,430,0.15166369,0.0003,0.2,0.8655925989151001,0.008113040901662316,-0.11679065563366749,-4.099931299686432,-0.19653111696243286,-312485.8369054,500.0
44,0.0,0.30489341287338545,500.0,90112,0.79,7.891826608172567,206,437,-16.015037960415885,0.0,6.56,517.0657928472839,0.08296487857740999,-151.6122,-68.0,-301867.52743769,-1.0039798276148781,0.0,0.0,288.3264016674257,,,,,,,,,,,,
45,0.0,0.3387529214542353,500.0,92160,1.56,7.066584925844634,207,443,-17.216541539358502,0.84,10.11,385.1956024156464,0.1528578427547188,-163.1156,-100.5,-301921.6390572,-18.210273900585165,0.0,0.0,93.21977190154738,0.63857421875,440,0.17988536,0.0003,0.2,0.8775532245635986,0.009449446586222621,-0.11756078530452214,-4.075839364528656,-0.18925869464874268,,
46,0.5,0.2197287302602234,500.0,94208,1.22,3.8826790510924143,209,450,-17.107423575283384,0.0,49.85,199.70947975408788,0.14457920792079207,-405.5441,-46.0,-302196.98329472,-1.903903582282191,-1.0245215333413058,0.0,-267.9877898857265,0.6349609375,450,0.15914743,0.0003,0.2,0.8442023992538452,0.010244617983335046,-0.1180567522183992,-4.018979293107987,-0.19376549124717712,,
47,0.0,0.2403055912113522,500.0,96256,1.45,3.1345221317770795,210,456,-16.524336009140953,0.48,56.97,101.02484172511073,0.19791925773912245,-408.55769999999995,-17.0,-302098.46131118,-12.399761857959092,0.0,0.0,-350.3224340102122,0.62197265625,460,0.14800751,0.0003,0.2,0.8809610605239868,0.012353742635605158,-0.11601111883064733,-4.038569366931915,-0.19691620767116547,,
48,0.0,0.19748462343938628,500.0,98304,5.25,2.7030568709625276,212,463,-17.836597317215578,0.35,81.77,134.16227161846987,0.20259079601990052,-457.0951000000001,-10.5,-302144.96650914,-6.577148747905728,-0.1848162127746118,0.0,-355.32833378846357,0.643017578125,470,0.16813377,0.0003,0.2,0.8455234169960022,0.009827364956072416,-0.12014135149656795,-3.9787802398204803,-0.18881961703300476,,
,,,,100000,,,,,,,,,,,,,,,,,0.6353515625,480,0.16489366,0.0003,0.2,0.8588783144950867,0.009588803445149096,-0.11697603621869349,-4.0226287841796875,-0.18440283834934235,-292219.7465932,500.0
49,1.88,0.14668514472870567,500.0,100352,2.21,0.9927253824177201,209,478,-18.128632811835935,0.0,127.15,37.44636949788522,0.17948839949773018,-555.1631000000001,-26.0,-300719.29286698,-0.3146448415985892,-18.360775275313337,0.0,-579.5280580484449,,,,,,,,,,,,
50,3.76,0.16002933310364,500.0,102400,2.5,0.9933157200033632,211,484,-17.2684699679062,1.0,154.71,65.85227137319335,0.2239725580020689,-587.1903000000001,-7.5,-301342.63779163006,-2.587697613366453,-19.00953657578377,0.0,-566.7104170638596,0.65126953125,490,0.15786576,0.0003,0.2,0.8924105167388916,0.00770124564114667,-0.1212357834680006,-4.000330153107643,-0.19286610186100006,,
51,9.18,0.12075125979308511,500.0,104448,5.0,0.9243109245826637,212,491,-16.37595305558476,0.5,206.65,35.75880942924716,0.19458522167487685,-602.9522000000001,-3.0,-301178.17243458005,0.0,-117.38867944235477,0.0,-703.0337121441097,0.638818359375,500,0.1591532,0.0003,0.2,0.7965832948684692,0.00964515065861633,-0.11715430882177316,-3.994024342298508,-0.18263550102710724,,
52,3.62,0.10187897891258194,500.0,106496,3.38,1.6835882116249763,213,497,-15.205280320844867,0.49,216.55,29.021083578342157,0.1855283582089552,-450.0747,-67.5,-301927.80387727,-8.829133419620023,-9.35249153564865,0.0,-520.2569334861464,0.64814453125,510,0.17057678,0.0003,0.2,0.8289852738380432,0.009063583510942408,-0.1197640573780518,-3.961459231376648,-0.1870296597480774,,
53,2.5,0.1253722223096696,500.0,108544,3.33,0.943081156431624,215,504,-17.224042776522477,0.0,223.33,12.431081690753802,0.24642612186591795,-546.1563000000001,-14.5,-301745.47412545996,-0.1844378624356564,0.0,0.0,-564.6906177917726,0.653369140625,520,0.15969336,0.0003,0.2,0.6823968887329102,0.008481244683207479,-0.11902760580996982,-3.9285156071186065,-0.18553107976913452,,
,,,,110000,,,,,,,,,,,,,,,,,0.6619140625,530,0.17086509,0.0003,0.2,0.8401378393173218,0.00781250859836291,-0.12010798942646943,-3.944677582383156,-0.19098618626594543,-278742.946527,500.0
54,5.16,0.11429263507949575,500.0,110592,6.38,0.12536907536907538,212,519,-17.95319553162187,0.75,265.54,-2.1797999999999997,0.2468532338308458,-654.9930000000002,-8.5,-301349.17210036004,0.0,-26.96692098208151,0.0,-710.4675474383345,,,,,,,,,,,,
55,4.02,0.13648664311215844,500.0,112640,2.75,1.4355107798454818,214,525,-18.17968001922126,0.5,272.16,81.4565731028845,0.31611827003595877,-575.6801,0.0,-301173.4020854,0.0,-9.424071969488281,0.0,-520.3917681059796,0.64658203125,540,0.17119461,0.0003,0.2,0.91362464427948,0.006858322203333956,-0.11745581927825696,-3.9515235394239427,-0.18961508572101593,,
56,14.28,0.10397514146587854,500.0,114688,6.67,0.3646250318309142,215,532,-18.793829235120594,0.38,297.91,-0.7348000000000002,0.2630484951480223,-626.7209000000001,-12.5,-300333.79449824,-6.4308759461421,-103.0895922903897,0.0,-767.9053724398213,0.659033203125,550,0.1817466,0.0003,0.2,0.9155480861663818,0.007883455300907371,-0.11830111862509511,-3.9267958462238313,-0.18599900603294373,,
57,10.58,0.09471082360986648,500.0,116736,1.75,0.6048355566002624,216,538,-18.47713869795152,0.99,347.89,13.385488609237596,0.2572548423322591,-624.2175000000002,0.0,-299987.5527746,-7.7077073946065635,-27.49857925867474,0.0,-663.9106011853951,0.6423828125,560,0.18051636,0.0003,0.2,0.8927240967750549,0.008101006845026858,-0.11703630121191963,-3.9591539442539214,-0.19099761545658112,,
58,2.0,0.12716958326826894,500.0,118784,6.25,0.7516509667868364,217,545,-17.719881903701584,0.5,322.81,57.62507663406574,0.363068668145397,-614.4624,-1.5,-299191.52535912,-1.882560843968279,-0.3107331716604281,0.0,-577.4988483184777,0.622216796875,570,0.15496546,0.0003,0.2,0.8114597797393799,0.008449059614213184,-0.11582171973423101,-3.9279973983764647,-0.19140757620334625,,
,,,,120000,,,,,,,,,,,,,,,,,0.653759765625,580,0.19355834,0.0003,0.2,0.9377764463424683,0.006701158415307873,-0.11861971103935502,-3.89169000685215,-0.18179579079151154,-237343.48386480001,500.0
59,6.08,0.08148061397213109,500.0,120832,9.5,0.6014243225814434,215,560,-17.409595155729665,0.5,392.74,8.088693524862876,0.25285755627801587,-595.1971000000001,-1.5,-297344.95359483,-0.2750120827208765,-54.44373397004351,0.0,-660.1353233610498,,,,,,,,,,,,
60,3.86,0.09626966581808087,500.0,122880,5.5,0.4226608788528294,213,575,-17.626385079977464,1.46,397.21,-7.784999999999999,0.31415041130978766,-614.4624000000001,-4.5,-296504.81480454,-10.01018665009791,-18.624290015851855,0.0,-672.5856008670745,0.6435546875,590,0.17914185,0.0003,0.2,0.6695191860198975,0.009182081549079157,-0.11930268861469813,-3.954888662695885,-0.18319398164749146,,
61,18.36,0.08171885303923779,500.0,124928,4.7,0.7140724106101344,213,585,-18.410426002209384,1.5,469.61,-7.275985714285714,0.28254503436337314,-565.4216,-26.0,-294114.43258415995,0.0,-65.99592318254822,0.0,-682.3898624884333,0.66748046875,600,0.17908907,0.0003,0.2,0.8519782423973083,0.007078340132284211,-0.12036842701490968,-3.9128256291151047,-0.18973597884178162,,
62,25.44,0.06090703393231032,500.0,126976,2.88,0.6219248178647155,214,592,-18.295346042226118,2.25,515.78,7.371154897959185,0.2251608910891089,-584.1903000000001,-23.5,-293095.14150400995,-1.9664704397151314,-54.705284888808734,0.0,-674.664321654926,0.665625,610,0.18466154,0.0003,0.2,0.8754534125328064,0.007784764228199492,-0.12287462144449819,-3.9449717074632646,-0.185289204120636,,
63,27.3,0.07280953931064298,500.0,129024,5.25,0.10396825396825397,215,599,-16.777542174921624,1.0,568.78,-1.8684,0.28007869070489144,-662.9998,0.0,-292364.54472088,-0.4285950962556421,-252.75968899821365,0.0,-934.7300580154229,0.66630859375,620,0.1802156,0.0003,0.2,0.7993244528770447,0.007906229373838869,-0.12045196181861684,-3.9204751312732697,-0.18933166563510895,,
,,,,130000,,,,,,,,,,,,,,,,,0.649755859375,630,0.19267303,0.0003,0.2,0.8236889243125916,0.007459719619146199,-0.11479724532109685,-3.8592925876379014,-0.17911013960838318,-329487.9082906,500.0
64,13.34,0.06632485963912464,500.0,131072,4.0,0.25608848667672196,213,614,-16.16544466297967,1.25,586.96,-2.71036626506024,0.26813753017092756,-628.4692000000002,0.0,-292922.68076685,-0.6065137987027633,-96.92554359824095,0.0,-744.6209798383067,,,,,,,,,,,,
65,17.4,0.05632783009038552,500.0,133120,4.0,0.32560372633902046,214,621,-16.87373073519219,0.75,642.0,4.47239611747138,0.2399135059994147,-629.2243000000002,0.0,-292987.61731178,-2.8361081416977196,-37.155051871691256,0.0,-681.2911909047708,0.665576171875,640,0.18155172,0.0003,0.2,0.8964511752128601,0.0070864793837245085,-0.12130984612740577,-3.8872981637716295,-0.19488422572612762,,
66,8.46,0.09321662193844885,500.0,135168,8.75,0.06456876456876456,215,627,-15.868603097059967,1.23,595.02,-1.557,0.40271296907648263,-664.2515000000001,0.0,-292517.9125208,-5.646561734159861,-40.41029262546289,0.0,-727.669388692114,0.655224609375,650,0.1764625,0.0003,0.2,0.8736474514007568,0.008055407386200386,-0.12066695915127638,-3.860003986954689,-0.19360888004302979,,
67,16.18,0.06472796703412513,500.0,137216,9.01,0.36977272727272725,216,634,-16.216465967252443,0.5,668.97,1.45459751552795,0.2965516477020836,-612.9590000000001,-8.5,-290701.59653567,-0.04626839472417741,-36.57274868890911,0.0,-672.4701128080851,0.672119140625,660,0.19681665,0.0003,0.2,0.9083335399627686,0.007601127408270259,-0.12133608346339315,-3.910490119457245,-0.18876250088214874,,
68,7.22,0.050741282855929756,500.0,139264,5.75,0.027777777777777776,217,640,-17.090313950837775,0.5,743.54,-1.557,0.24562192118226597,-667.2515000000001,0.0,-291260.96691877,-0.8629011566194787,-56.78982123160943,0.0,-743.5237585612889,0.651220703125,670,0.18229389,0.0003,0.2,0.9236754179000854,0.008306666569114895,-0.11976641405490226,-3.870063430070877,-0.18773749470710754,,
,,,,140000,,,,,,,,,,,,,,,,,0.65302734375,680,0.17794707,0.0003,0.2,0.8176220655441284,0.010663091307287686,-0.12219980571535416,-3.8338557153940203,-0.1868639588356018,-257150.78616880003,500.0
69,19.16,0.0575194171349573,500.0,141312,3.5,0.02019230769230769,215,656,-18.312450900196467,2.49,746.41,-1.2456,0.2854701553807318,-668.5032000000001,0.0,-291273.74207902,-7.535118082042287,-137.34839354303912,0.0,-832.9245702175857,,,,,,,,,,,,
70,22.14,0.047652740477768435,500.0,143360,3.77,0.1695436507936508,216,662,-19.35975427870302,1.0,817.77,3.5443384615384623,0.24827726430278502,-649.4896000000001,-7.0,-290970.72565206,-2.2678793034093863,-91.87007211220966,0.0,-766.27342358199,0.650341796875,690,0.16931272,0.0003,0.2,0.889914870262146,0.007577927223610459,-0.12130828440422192,-3.8443743497133256,-0.19081084430217743,,
71,63.92,0.05919518199276828,500.0,145408,3.78,1.1200268678839145,217,669,-19.424805303517786,1.25,807.2,45.97759279933571,0.3157017733116596,-558.1699000000001,-5.5,-290777.3617805,-0.0022278123133265383,-44.65834464800507,0.0,-580.6576580966165,0.64970703125,700,0.18903947,0.0003,0.2,0.886825680732727,0.008386416844223277,-0.12027859117370099,-3.8131314367055893,-0.19300028681755066,,
72,30.64,0.04926310588304652,500.0,147456,7.5,0.05881683138842582,218,675,-17.948062240021134,1.25,832.29,-3.114,0.2736167553322496,-648.4896000000002,-3.0,-289859.56010382995,-3.270707814086572,-55.75356960949605,0.0,-731.5171228322153,0.668359375,710,0.18786335,0.0003,0.2,0.9012008905410767,0.009776684913958889,-0.12123032440431417,-3.800596076250076,-0.1891079545021057,,
73,13.0,0.04740872195622278,500.0,149504,8.5,0.011858974358974362,219,681,-16.89247443494556,0.94,884.48,-1.8683999999999998,0.27375000000000005,-662.9998,0.0,-290450.32429519,-12.84510226931342,-0.26552928567758727,0.0,-694.8594470155778,0.6595703125,720,0.1814198,0.0003,0.2,0.8540738224983215,0.006871092025903636,-0.12430430168169551,-3.789260131120682,-0.19393689930438995,,
,,,,150000,,,,,,,,,,,,,,,,,0.69013671875,730,0.19770308,0.0003,0.2,0.9042108058929443,0.006722544580770773,-0.12421377638529521,-3.8222441881895066,-0.19713768362998962,-241923.7724986,500.0
74,36.28,0.040795151247465314,500.0,151552,4.0,0.18225246928554908,217,697,-17.59202199561331,1.75,914.35,-11.210400000000002,0.245,-599.4488,0.0,-290704.02751707,-2.217782791210441,-19.372532054711886,0.0,-649.6592843722501,,,,,,,,,,,,
75,24.28,0.048126593807339565,500.0,153600,4.25,0.0,218,703,-18.49380606906955,0.5,874.14,-0.9342,0.2941012142259002,-671.7549,0.0,-289916.76058808004,-0.8608778338450253,-147.3907635658244,0.0,-839.4345474687387,0.664501953125,740,0.17258367,0.0003,0.2,0.857761800289154,0.006751742860069498,-0.12488571385620162,-3.7564493864774704,-0.19659818708896637,,
76,40.18,0.06168672004077533,500.0,155648,6.0,0.07954545454545454,219,710,-17.215460251116003,1.0,905.36,-1.557,0.38150487781319437,-664.2515000000001,0.0,-288548.93257095,-1.3923358080629822,-153.61024881069588,0.0,-837.9469994153295,0.665576171875,750,0.17449981,0.0003,0.2,0.8501414060592651,0.0058117684726312294,-0.12266973864170723,-3.7764696389436723,-0.19083654880523682,,
77,34.62,0.05728228617744354,500.0,157696,10.5,0.10479166666666666,220,716,-17.887676999663213,2.25,940.86,2.9272499999999995,0.3665370499718158,-659.4964000000001,-3.0,-287022.67781851,-1.3218421004695426,-154.25821973875378,0.0,-832.9320971722198,0.671630859375,760,0.20555118,0.0003,0.2,0.9252738356590271,0.006740082705073291,-0.11910451911389827,-3.8411936819553376,-0.18909534811973572,,
78,38.76,0.05386778604240724,500.0,159744,13.75,0.03121212121212122,220,722,-17.648423729007906,2.0,996.42,-1.8684,0.3565236318407961,-662.9998,0.0,-286198.25223504,-1.2543209086532139,-90.47129941585852,0.0,-774.2110319323077,0.66171875,770,0.1907039,0.0003,0.2,0.8901668787002563,0.007508199514631997,-0.11923500347184017,-3.821461555361748,-0.19059720635414124,,
,,,,160000,,,,,,,,,,,,,,,,,0.67001953125,780,0.19741353,0.0003,0.2,0.9113584160804749,0.009230703447246923,-0.12241155325027649,-3.7940303891897202,-0.1913665384054184,-263224.6670122,500.0
79,43.02,0.04550174616852619,500.0,161792,4.75,0.07569930069930071,219,737,-16.668527431570258,1.25,1104.32,-2.8026,0.31122524752475245,-659.2447000000002,0.0,-285887.3261662,-0.43238071926673577,-64.76731964830498,0.0,-743.8398284984427,,,,,,,,,,,,
80,37.62,0.044468368836781194,500.0,163840,13.0,0.08992424242424242,220,743,-16.413932615825114,1.29,1060.17,-7.1621999999999995,0.31179042904290427,-629.7209000000001,0.0,-286112.43546399,-5.951081796273877,-18.72629827088017,0.0,-677.8844884405548,0.643212890625,790,0.19285616,0.0003,0.2,0.888312578201294,0.007420655114765395,-0.1155011527123861,-3.7773328542709352,-0.18861615657806396,,
81,37.0,0.04367015418628321,500.0,165888,8.25,0.07166666666666668,221,750,-17.505618683424235,2.5,1092.58,-6.5394,0.3152020836412,-631.2243000000002,0.0,-286384.60460574,0.0,0.0,0.0,-655.1976520167576,0.671337890625,800,0.19407932,0.0003,0.2,0.8936656713485718,0.006974502524826676,-0.12065315058571287,-3.7332841873168947,-0.18877331912517548,,
82,89.96,0.04432531964488996,500.0,167936,8.0,0.04,221,757,-19.155146124287967,1.5,1165.64,-0.6228,0.32745856115462296,-671.0066,0.0,-285176.06511757,0.0,-229.90724137978555,0.0,-920.6517875040735,0.663232421875,810,0.19478807,0.0003,0.2,0.9058574438095093,0.006265315830751206,-0.12291041049757041,-3.754762825369835,-0.1993768811225891,,
83,65.96,0.048047857601535265,500.0,169984,9.75,0.04318452380952381,222,763,-16.48235351554675,2.0,1162.62,-3.114,0.36284203980099505,-648.7345000000003,-7.5,-285789.01248465007,-1.117299367128569,-92.20006172522596,0.0,-769.1050300840916,0.643017578125,820,0.18162629,0.0003,0.2,0.8961883783340454,0.008633634566649562,-0.11652569177604163,-3.764068004488945,-0.19163337349891663,,
,,,,170000,,,,,,,,,,,,,,,,,0.674755859375,830,0.19126372,0.0003,0.2,0.893068790435791,0.00671211645603762,-0.1198683015187271,-3.755323725938797,-0.18795980513095856,-259176.86918220003,500.0
84,57.58,0.190334066943643,500.0,172032,1.45,3.6207769636101177,220,780,-16.403994465917147,1.02,837.58,521.8532660035617,0.1815031697945914,-385.0339,-23.5,-286953.19581864,-1.9891191752751698,-40.28849764242635,0.0,58.25853168355316,,,,,,,,,,,,
85,3.7,0.33506521686369006,500.0,174080,3.87,7.460053486497574,221,786,-16.80025609353115,0.25,242.2,744.3265061491088,0.12099242401852127,-227.42169999999996,-65.5,-286895.21085135,-2.181067327596684,-0.9820129958362931,0.0,438.901523218642,0.627880859375,840,0.17585993,0.0003,0.2,0.8234987854957581,0.008553932282302413,-0.11372163237538188,-3.658096170425415,-0.18521693348884583,,
86,0.72,0.4075598234753576,500.0,176128,1.69,7.30575798241931,222,793,-16.530474952199665,0.21,6.61,529.4647522949604,0.13020597014925372,-173.62579999999994,-50.5,-285967.5049002,-12.027404931155349,-8.994077679852085,0.0,275.09275271417266,0.659521484375,850,0.20274282,0.0003,0.2,0.9136759042739868,0.007064857290606597,-0.12186466624261812,-3.6260615050792695,-0.18620455265045166,,
87,0.0,0.2531499199741262,500.0,178176,2.37,5.489732131445603,222,799,-17.298389764670123,0.13,28.34,361.70562877972463,0.13439850746268656,-304.2244,-14.5,-286127.07330759993,-8.089145274540444,0.0,0.0,23.083425871959683,0.665283203125,860,0.2013375,0.0003,0.2,0.9410673379898071,0.0057172930341039315,-0.12070357860065997,-3.7086281001567842,-0.18283216655254364,,
,,,,180000,,,,,,,,,,,,,,,,,0.66279296875,870,0.22637048,0.0003,0.2,0.9608424305915833,0.004617768777461606,-0.11892006159760057,-3.665666463971138,-0.18749400973320007,-280531.79342420003,500.0
88,0.0,0.23144794363986831,500.0,180224,0.96,4.994650136103259,221,815,-17.00305549099587,0.51,39.33,224.4302002967748,0.1651266229332293,-297.721,-15.5,-284888.60441061,-17.76160935239901,0.0,0.0,-118.5608144105168,,,,,,,,,,,,
89,1.0,0.23764303681600857,500.0,182272,4.22,3.5960705438034983,221,822,-16.67372876142292,1.25,42.75,161.5790637448376,0.21256492537313432,-343.74139999999994,-59.5,-284409.3543062,-1.5393659758323905,-0.14726003143579228,0.0,-256.42662048005,0.659521484375,880,0.21792999,0.0003,0.2,0.8989334106445312,0.006436401336395647,-0.11999956516665407,-3.6306466162204742,-0.1896245777606964,,
90,0.0,0.29869849415786637,500.0,184320,3.88,4.853807632222476,218,844,-17.777150867511306,0.0,36.6,198.50595476666797,0.3165178217821782,-224.65979999999996,-42.5,-283468.48347683006,-2.5595251735891575,0.0,0.0,-84.13671364221004,0.6666015625,890,0.21020207,0.0003,0.2,0.9383836388587952,0.005233992217836203,-0.11757101506227627,-3.632143259048462,-0.1834878921508789,,
91,0.0,0.19212697609506343,500.0,186368,2.5,2.4834133710735204,215,865,-18.586015752553372,0.75,118.6,138.72828943795784,0.24408811881188122,-470.34680000000003,-4.5,-282824.09458291,-2.9922598584008684,0.0,0.0,-355.21337280192296,0.65810546875,900,0.22498813,0.0003,0.2,0.9508336782455444,0.004548261684249155,-0.12320139419171028,-3.619718325138092,-0.18968883156776428,,
92,0.5,0.1716407287389963,500.0,188416,3.21,2.7719523670045283,212,887,-16.74331085230184,0.5,121.45,102.75260760750396,0.24965839918056773,-422.06110000000007,-31.5,-281358.88419993,-3.645302070250906,-1.1418035770211319,0.0,-369.5669565250654,0.659521484375,910,0.20351617,0.0003,0.2,0.8954203128814697,0.004597258629291901,-0.12163388297776692,-3.6893919169902802,-0.18689994513988495,,
,,,,190000,,,,,,,,,,,,,,,,,0.665380859375,920,0.18773824,0.0003,0.2,0.9004651308059692,0.004720822627496091,-0.12271780235460028,-3.6435141652822494,-0.19366872310638428,-237719.8448624,500.0
93,2.58,0.19315796741212338,500.0,190464,6.08,1.6845966854614554,203,937,-16.049412484715166,0.5,117.96,52.14581712286739,0.3126807140766754,-492.3672,-14.5,-280961.46642432996,-2.729808383721487,-53.53507766068888,0.0,-525.3510847207967,,,,,,,,,,,,
94,0.0,0.14633592547589616,500.0,192512,4.39,1.3210073962396618,200,959,-16.490841799045356,1.0,186.04,74.77527607782825,0.26831069651741296,-546.4080000000001,-12.5,-281014.37027918996,-1.206771378848621,0.0,0.0,-500.5093297038259,0.67919921875,930,0.20244661,0.0003,0.2,0.9185818433761597,0.005933392107908731,-0.12619663271470927,-3.6538860350847244,-0.18787413835525513,,
95,3.22,0.16386757245602537,500.0,194560,5.5,3.600890428565317,198,980,-17.113084730219384,0.25,149.32,118.11155518669942,0.3272303921568627,-367.77539999999993,-10.5,-280187.25807231996,-2.0754504964788083,-8.777049962919818,0.0,-284.5285395743533,0.6578125,940,0.21482544,0.0003,0.2,0.8878211379051208,0.006204409470592509,-0.12371207101386972,-3.6411730378866194,-0.19564922153949738,,
96,7.0,0.10453938236655048,500.0,196608,2.65,0.6096247972873359,196,1002,-17.66369110090441,0.25,278.65,8.396948089448548,0.2334034653465347,-628.9658000000001,-5.5,-278964.48222311,-0.6568447121282555,0.0,0.0,-643.7797629262967,0.68828125,950,0.22263156,0.0003,0.2,0.8726694583892822,0.005795203513844172,-0.12795488237752578,-3.6766131043434145,-0.19904093444347382,,
97,7.54,0.10496793764942879,500.0,198656,4.5,0.8479603572344857,193,1024,-18.638513203461166,0.0,309.04,46.825628628310696,0.2527728461652135,-615.4624000000001,0.0,-278510.08161507006,0.0,-45.515406264431796,0.0,-631.9427304823478,0.658544921875,960,0.19369237,0.0003,0.2,0.9144216179847717,0.00403994131993386,-0.11919461898505687,-3.585257950425148,-0.18597054481506348,,
,,,,200000,,,,,,,,,,,,,,,,,0.6654296875,970,0.20009923,0.0003,0.2,0.9071270823478699,0.005752482689422323,-0.12074143154313788,-3.578911307454109,-0.18632157146930695,-208170.6802816,500.0
98,2.94,0.12572387677088728,500.0,200704,7.32,2.753408802809714,186,1075,-18.531919629660486,0.5,271.25,99.70308711865809,0.3222851066449928,-456.5917,-29.0,-278732.06453395,-3.5683335680685593,-27.036261025076616,0.0,-432.2717183013379,,,,,,,,,,,,
