custom/valid_action_fraction_mean,custom/reward_uav_separation_mean,time/iterations,rollout/ep_rew_mean,custom/reward_energy_efficiency_mean,custom/reward_collision_avoidance_mean,custom/coverage_fraction_mean,custom/collisions_uav_dynamic_obstacle_mean,custom/collisions_uav_boundary_mean,rollout/ep_len_mean,custom/reward_mission_completion_mean,time/total_timesteps,custom/reward_total_mean,custom/collisions_uav_uav_mean,custom/collisions_uav_static_obstacle_mean,custom/reward_dynamic_obstacle_avoidance_mean,time/time_elapsed,custom/reward_boundary_mean,custom/reward_exploration_mean,time/fps,custom/reward_coverage_mean,train/policy_gradient_loss,eval/mean_ep_length,train/value_loss,train/learning_rate,train/approx_kl,eval/mean_reward,train/clip_range,train/clip_fraction,train/n_updates,train/entropy_loss,train/explained_variance,train/loss
0.29776777372743884,0.0,1,-301641.60621712497,-17.03095147662831,-67.0,0.17235198019801978,0.0,32.14,500.0,0.0,8192,-51.88840915964544,0.0,2.32,-2.0697638731723473,85,-281.95910000000003,5.835172482297768,95,310.3362337078575,,,,,,,,,,,,
,,,,,,,,,,,10000,,,,,,,,,,-0.07880948259335127,500.0,0.05211595046639559,0.0003,0.051521894,-323923.20391060004,0.2,0.3650390625,10,-4.810550068318844,0.25578564405441284,-0.1773601621389389
0.17314853232790633,-4.0007781936620646,2,-299794.75576050003,-17.820160280209933,-21.0,0.2309388059701493,0.75,132.73,500.0,0.0,16384,-614.19991021891,1.5,3.35,-0.6529182443180989,197,-581.1835000000001,0.751335845527022,83,9.706110653753031,,,,,,,,,,,,
,,,,,,,,,,,20000,,,,,,,,,,-0.10307104092353256,500.0,0.01066228762110768,0.0003,0.05984085,-343584.7544586,0.2,0.48089599609375,20,-4.765235877037048,0.7043201923370361,-0.1893819272518158
0.12172316044833002,-75.78060597695762,3,-297821.34185854165,-17.817331734965407,-18.5,0.2535590066906845,1.5,225.21,500.0,0.0,24576,-712.4662436675795,2.44,7.4,-0.34433123015588873,318,-627.7209000000001,0.49967740592740595,77,27.197247868572113,,,,,,,,,,,,
,,,,,,,,,,,30000,,,,,,,,,,-0.11003540337842424,500.0,0.008311029835113004,0.0003,0.07171101,-300626.8167974,0.2,0.54161376953125,30,-4.713091583549977,0.8245262503623962,-0.19507481157779694
0.07055413596425264,-64.80140292583371,4,-298872.5100478438,-18.566174289031473,0.0,0.2027466689350485,0.5,445.01,500.0,0.0,32768,-708.3760884560324,14.3,1.25,-1.7907161311519473,424,-640.2311000000002,0.5046593765711413,77,16.508645513413505,,,,,,,,,,,,
,,,,,,,,,,,40000,,,,,,,,,,-0.10991389880146016,500.0,0.007747538481362426,0.0003,0.07720979,-277053.6890186,0.2,0.55338134765625,40,-4.66275292634964,0.8411046266555786,-0.19818800687789917
0.061465041774046936,-45.54489825801664,5,-298211.0347972625,-19.07839984997802,-5.5,0.22430693069306934,2.12,503.77,500.0,0.0,40960,-707.864608958851,17.84,2.32,-9.159655830386678,539,-627.7209000000003,0.2975449795302737,75,-1.1582999999999997,,,,,,,,,,,,
0.03746520230054285,-46.31003964884719,6,-295327.82855684374,-16.190259685028636,-4.5,0.16831515855780574,1.86,698.27,500.0,0.0,49152,-666.956017385332,25.56,0.75,-6.2321812798942835,589,-581.4352000000001,0.4790632284382285,83,-12.7674,-0.11109502328472445,,0.006674692411797878,0.0003,0.08813088,,0.2,0.5821044921875,50,-4.623553073406219,0.7911524772644043,-0.191745325922966
,,,,,,,,,,,50000,,,,,,,,,,-0.11181788004760165,500.0,0.005861346824349312,0.0003,0.097306505,-289306.1063856,0.2,0.59537353515625,60,-4.570049044489861,0.7971707582473755,-0.1918964385986328
0.05373926432104852,-104.66648127023817,7,-296322.07023610995,-18.994652946268403,-17.0,0.27418766316930204,0.25,786.12,500.0,0.0,57344,-767.0873365114941,31.16,5.04,-1.4023802935314464,623,-624.4692000000001,0.2768023887876829,91,-0.831424390243902,,,,,,,,,,,,
,,,,,,,,,,,60000,,,,,,,,,,-0.1126157147824415,500.0,0.00623075511693969,0.0003,0.10503127,-347816.7372854,0.2,0.60562744140625,70,-4.519160869717598,0.7511297464370728,-0.1952725052833557
0.03944134845109659,-113.91789333188878,8,-296773.48300208995,-17.73503285374386,-41.0,0.23305086647919257,2.0,924.37,500.0,0.0,65536,-825.3614770217364,54.46,14.6,-0.3263023512552209,658,-649.9862,0.09515151515151515,99,-2.4912,,,,,,,,,,,,
,,,,,,,,,,,70000,,,,,,,,,,-0.11262287177960388,500.0,0.005473255791321208,0.0003,0.111666806,-266529.91364780004,0.2,0.6159912109375,80,-4.472319360077381,0.765884518623352,-0.19533264636993408
0.03175539494478807,-48.24067992366204,9,-299323.98197357997,-18.044590475149104,-54.0,0.21303083695069017,1.25,1055.65,500.0,0.0,73728,-742.5922066938884,52.52,28.11,0.0,692,-617.4624,0.13786370492252845,106,-4.9824,,,,,,,,,,,,
,,,,,,,,,,,80000,,,,,,,,,,-0.1116543226489739,500.0,0.005531106665557672,0.0003,0.122549646,-314918.9981912001,0.2,0.62528076171875,90,-4.409969110786915,0.7859338521957397,-0.18662405014038086
0.03348373458357872,-63.011480776202404,10,-299564.74694276,-18.995776402223495,0.0,0.24917079207920792,1.5,1165.25,500.0,0.0,81920,-704.1228967926401,27.98,10.75,-0.9962115839112144,725,-611.9590000000002,0.18157196969696968,112,-9.341999999999999,,,,,,,,,,,,
,,,,,,,,,,,90000,,,,,,,,,,-0.11051394395908573,500.0,0.004870670209129457,0.0003,0.1212612,-334465.1471022,0.2,0.62244873046875,100,-4.371745289862156,0.8245463371276855,-0.19534504413604736
0.3348126141918353,-0.16156315121271358,11,-299125.12347071,-16.02055211415442,-65.5,0.08928624205704151,0.0,8.01,500.0,0.0,90112,314.2182020687144,0.0,1.3,-1.5430580222064554,760,-186.38769999999997,7.6018806775794765,118,576.2291946787085,,,,,,,,,,,,
0.21143277689134,-53.55352670371696,12,-303963.28152916004,-17.909299979400053,-53.5,0.21603009950248755,0.26,80.26,500.0,0.0,98304,-457.14109222871366,3.5,4.19,-8.637799841205792,785,-469.8501999999999,2.5372553745124917,125,143.77247892109662,-0.11231943916645833,,0.0043070076208096,0.0003,0.12459204,,0.2,0.6274169921875,110,-4.342587830126286,0.8249879479408264,-0.18915559351444244
,,,,,,,,,,,100000,,,,,,,,,,-0.10654109226015862,500.0,0.004845236442542955,0.0003,0.1234744,-292867.81629339996,0.2,0.61982421875,120,-4.3096878543496135,0.8004151582717896,-0.18447817862033844
0.10161310324013907,-0.8240919148645276,13,-300378.0386832,-15.203548773255475,-18.5,0.18481343283582088,0.0,239.75,500.0,0.0,106496,-651.9660040630049,2.5,1.44,-0.5788106713794205,833,-609.7073000000001,0.3213472964943553,127,-7.4736,,,,,,,,,,,,
,,,,,,,,,,,110000,,,,,,,,,,-0.11605075375991873,500.0,0.003962972609360804,0.0003,0.13824336,-290758.98334100004,0.2,0.641552734375,130,-4.247083273530007,0.8667670488357544,-0.1897887885570526
0.10004931681285284,-58.087988843265286,14,-297752.36079929996,-18.773896395275994,0.0,0.25372664647061716,0.74,316.64,500.0,0.0,114688,-720.4188853910001,7.94,5.0,-7.4774672420945,955,-635.9794,0.3475302475302475,119,-0.4476631578947361,,,,,,,,,,,,
,,,,,,,,,,,120000,,,,,,,,,,-0.11500364870153135,500.0,0.003707519687259264,0.0003,0.15136994,-305931.1528624,0.2,0.65113525390625,140,-4.19285834133625,0.8911636471748352,-0.1877388209104538
0.08102696873021807,-9.38490646053649,15,-294607.07787204,-17.612114844748234,0.0,0.2667493596374563,0.25,446.84,500.0,0.0,122880,-688.3502345426814,4.3,3.5,-3.355871612354955,1069,-655.2447000000002,0.04995837495837496,114,-2.8026,,,,,,,,,,,,
,,,,,,,,,,,130000,,,,,,,,,,-0.11459302269067848,500.0,0.0035457598318771487,0.0003,0.15206586,-348802.13299159997,0.2,0.65255126953125,150,-4.176830105483532,0.8996308445930481,-0.19490154087543488
0.06486648922999114,-27.118786606882455,16,-292011.03439855,-16.126746181775584,0.0,0.2625468572976701,1.0,608.01,500.0,0.0,131072,-660.4614886379422,6.68,4.0,-4.785164520398915,1183,-612.9590000000002,0.35403207903207906,110,0.17417659208261668,,,,,,,,,,,,
0.047998510809663275,-54.417130544667025,17,-290486.45818137005,-17.112267196386593,0.0,0.23293719211822658,0.25,702.52,500.0,0.0,139264,-685.7329698058492,19.56,9.0,-0.7830102344690059,1269,-602.7005,0.1789381696734638,109,-10.899000000000001,-0.11248978710063966,,0.003574064441909286,0.0003,0.14791787,,0.2,0.64532470703125,160,-4.114034335315227,0.8549906015396118,-0.18984554708003998
,,,,,,,,,,,140000,,,,,,,,,,-0.10936404939493513,500.0,0.003989723274980861,0.0003,0.1483769,-271491.54396920005,0.2,0.64515380859375,170,-4.092216102778911,0.8979069590568542,-0.19015717506408691
0.04215785022683788,-38.187961294753784,18,-288378.93140933005,-17.97951694786942,-1.5,0.236222538298606,1.0,876.55,500.0,0.0,147456,-727.903104754145,12.58,5.0,-0.887471966067252,1384,-668.7549,0.029545454545454545,106,-0.6228,,,,,,,,,,,,
,,,,,,,,,,,150000,,,,,,,,,,-0.11661022405460245,500.0,0.0036820814558723215,0.0003,0.1620216,-273894.4597638,0.2,0.6590087890625,180,-4.0462955862283705,0.9037930369377136,-0.18770836293697357
0.04084661191889177,-116.76078240087071,19,-287132.25971698,-17.202147482121138,-1.5,0.25762918960687725,1.0,983.73,500.0,0.0,155648,-749.561710139817,30.52,3.5,-2.368653088731865,1500,-601.7005000000001,0.5579728319066555,103,-10.587599999999998,,,,,,,,,,,,
,,,,,,,,,,,160000,,,,,,,,,,-0.11635367733979365,500.0,0.003057164215579178,0.0003,0.1702472,-363309.7138544,0.2,0.6628662109375,190,-3.99849332049489,0.9038653373718262,-0.18830345571041107
0.03367688183873387,-46.37967120002697,20,-284471.00448128,-16.498335043584877,0.0,0.23941710347505343,1.25,1154.5,500.0,0.0,163840,-738.4068231135802,40.94,4.5,-0.018816869968355476,1616,-675.51,0.0,101,0.0,,,,,,,,,,,,
,,,,,,,,,,,170000,,,,,,,,,,-0.11789802704151953,500.0,0.003062814183249429,0.0003,0.17329368,-307406.5532838,0.2,0.66485595703125,200,-3.9442094422876837,0.9099664688110352,-0.18836453557014465
0.1720775945654597,-0.30557280900008404,21,-285066.50393196003,-16.2830117390662,-10.0,0.16654445840106402,0.68,875.23,500.0,0.0,172032,36.2967004964978,14.28,2.09,-2.806985919285409,1738,-469.35360000000003,3.518829805008261,98,531.5270411588411,,,,,,,,,,,,
,,,,,,,,,,,180000,,,,,,,,,,-0.11493879395275144,500.0,0.003144885670326403,0.0003,0.16281706,-272674.3531206,0.2,0.65052490234375,210,-3.94389753267169,0.9312513470649719,-0.18947871029376984
0.24505742659131258,-9.291766786806203,22,-283767.79914899,-17.021602295866593,-10.0,0.1734198044188655,0.1,54.17,500.0,0.0,180224,-316.1212522149389,0.6,2.06,-7.401297830653741,1856,-447.83660000000003,2.744162128857292,97,172.6858525695303,,,,,,,,,,,,
0.1578546794255483,-9.727248047407494,23,-281334.804322,-16.71318545484893,-47.5,0.2297959760023412,0.0,143.25,500.0,0.0,188416,-666.4294488845828,0.28,7.06,-2.4954542906614274,1944,-606.2039000000001,0.43649345902635384,96,15.773845449308755,-0.11911648438544944,,0.0027769362213348357,0.0003,0.1775884,,0.2,0.66793212890625,220,-3.893432132154703,0.9089173674583435,-0.19230131804943085
,,,,,,,,,,,190000,,,,,,,,,,-0.11794012574264343,500.0,0.002614045915788665,0.0003,0.19374298,-333604.285839,0.2,0.67752685546875,230,-3.8398608386516573,0.9238623976707458,-0.18932437896728516
0.09054141595758558,0.0,24,-283238.04735619,-17.64932251815787,0.0,0.2039851485148515,0.5,298.14,500.0,0.0,196608,-662.8215742288713,4.0,2.25,-1.6799531933556966,2059,-655.9930000000002,0.20646236116824354,95,12.294239121474051,,,,,,,,,,,,
,,,,,,,,,,,200000,,,,,,,,,,-0.1073753559612669,500.0,0.003518390285989881,0.0003,0.17416337,-237772.70116340002,0.2,0.6569580078125,240,-3.8309132531285286,0.8735832571983337,-0.17927990853786469
0.10794381314187251,-130.85429403887164,25,-285275.37444596,-17.747637395203537,-3.0,0.31724102260972364,0.25,365.21,500.0,0.0,204800,-707.2271427658079,15.32,3.75,-0.06401888346875291,2173,-577.4352000000001,0.869270618461122,94,21.00473693327482,,,,,,,,,,,,
,,,,,,,,,,,210000,,,,,,,,,,-0.1176119277588441,500.0,0.003711460830345459,0.0003,0.19221127,-266618.3269136,0.2,0.6697021484375,250,-3.795780135691166,0.9241636991500854,-0.19291414320468903
0.08401534453245668,-38.70390212783542,26,-288420.1036519,-17.511290493926275,-23.5,0.30962085029177866,1.25,443.52,500.0,0.0,212992,-686.7432356750863,8.04,8.89,-6.151654794723457,2288,-596.1971000000001,0.3617403128272694,93,-5.04102857142857,,,,,,,,,,,,
,,,,,,,,,,,220000,,,,,,,,,,-0.11559403285646112,500.0,0.0032336050182948384,0.0003,0.18423554,-243845.7538522,0.2,0.672509765625,260,-3.74618136882782,0.8816077709197998,-0.17994606494903564
0.06551040613345283,-1.3608101802464956,27,-282115.87042845995,-15.580734217161803,-14.0,0.2927970986650904,1.25,640.76,500.0,0.0,221184,-640.4960431520481,10.0,7.43,-1.6820404860637455,2405,-604.7005000000001,0.10857276590686203,91,-3.280531034482757,,,,,,,,,,,,
0.07659445633786702,-0.3862382894898546,28,-282760.6696696,-19.965845313358987,-26.0,0.3946533249593616,2.25,678.86,500.0,0.0,229376,-515.812389821388,19.5,9.21,-5.604704509521193,2489,-491.11550000000005,1.3444476857328518,92,25.915450605249216,-0.1192896268221375,,0.002342918283693507,0.0003,0.20561051,,0.2,0.68441162109375,270,-3.699123617261648,0.9239370226860046,-0.18021723628044128
,,,,,,,,,,,230000,,,,,,,,,,-0.11512514402129455,500.0,0.002588440245608581,0.0003,0.22503757,-260475.77064299997,0.2,0.675927734375,280,-3.682126669585705,0.8830803632736206,-0.18054944276809692
0.06449691690981287,-0.4496074191725484,29,-279401.42371303996,-18.68929850161039,0.0,0.3808144918969509,2.45,820.49,500.0,0.0,237568,-660.4816314358999,9.5,7.75,-7.402418067009457,2525,-625.9658000000002,0.12189255189255191,94,-8.0964,,,,,,,,,,,,
,,,,,,,,,,,240000,,,,,,,,,,-0.118930353000178,500.0,0.002684597959341772,0.0003,0.2287367,-266749.7017236,0.2,0.69749755859375,290,-3.6615251578390597,0.9210155606269836,-0.18174351751804352
0.052248900794339005,-44.95705253820766,30,-274610.8689499099,-17.64529969678928,-11.5,0.3482460396039604,0.75,989.02,500.0,0.0,245760,-692.7819853644027,69.82,5.13,-0.5369648295940029,2560,-616.9658000000002,0.20499485808309337,95,-1.381863157894736,,,,,,,,,,,,
,,,,,,,,,,,250000,,,,,,,,,,-0.11884822174033616,500.0,0.0027646483038552107,0.0003,0.21931744,-292829.3098696,0.2,0.6786376953125,300,-3.630734361708164,0.9199131727218628,-0.18427999317646027
0.03677314699335653,-49.34882445367297,31,-271426.62414332,-17.798701872287786,0.0,0.2759636840549727,2.25,1187.45,500.0,0.0,253952,-736.8166263259608,40.04,6.5,0.0,2594,-668.7549,0.019999999999999997,97,-0.9342,,,,,,,,,,,,
,,,,,,,,,,,260000,,,,,,,,,,-0.11531752730079461,500.0,0.002868748488572237,0.0003,0.2125884,-240008.877942,0.2,0.67718505859375,310,-3.6027782343328,0.9166793823242188,-0.18598783016204834
0.35322672705468855,0.0,32,-267421.09347257996,-17.070202756752746,-61.5,0.14126233538191393,0.75,7.67,500.0,0.0,262144,426.64562233091914,0.0,1.72,-2.9211091170409555,2631,-121.0816,8.621236895293126,99,620.5972973094197,,,,,,,,,,,,
,,,,,,,,,,,270000,,,,,,,,,,-0.1216219353635097,500.0,0.0024294668231959805,0.0003,0.22212583,-313775.20650820003,0.2,0.689794921875,320,-3.5502986878156664,0.9312851428985596,-0.18943016231060028
0.1815197074784633,-27.40992715654368,33,-271376.54065867007,-18.39081817872052,-43.0,0.20925447761194033,0.25,86.72,500.0,0.0,270336,-438.61530471308686,1.18,3.55,-1.644972980046711,2665,-407.2992,2.2982377894536326,101,56.831375812770375,,,,,,,,,,,,
0.14140027582160467,-65.58848715408662,34,-267103.77888134005,-17.117019691251528,-10.0,0.2665627976296637,0.82,228.15,500.0,0.0,278528,-593.1913473848876,4.26,3.99,-8.075343936587496,2692,-548.6597,1.0175701837946083,103,55.23163321324334,-0.12094348111568251,,0.0023221193996505463,0.0003,0.23237464,,0.2,0.68900146484375,330,-3.560314927250147,0.9389498233795166,-0.19048117101192474
,,,,,,,,,,,280000,,,,,,,,,,-0.12106431000574958,500.0,0.002298351348235883,0.0003,0.24273199,-309319.5565354,0.2,0.6943603515625,340,-3.5630426071584225,0.9258766174316406,-0.19358153641223907
0.10616495335136555,-11.202727820147418,35,-267249.97211645,-18.650384946991704,-51.5,0.28106094527363185,0.64,272.05,500.0,0.0,286720,-514.2707422820117,4.4,8.69,-13.021044575513642,2727,-434.823,1.3490332241792395,105,13.57738183646186,,,,,,,,,,,,
,,,,,,,,,,,290000,,,,,,,,,,-0.12202966576442123,500.0,0.0020407472735314513,0.0003,0.24889538,-283905.0449440001,0.2,0.69876708984375,350,-3.535135917365551,0.8797464370727539,-0.1833541989326477
0.09032981665917869,-55.46565982852866,36,-265922.61897229997,-18.370425256396455,-20.5,0.30655566502463055,0.5,437.41,500.0,0.0,294912,-664.3344311130012,9.5,3.09,-1.928125658997273,2840,-560.4216,0.47260463092119437,103,-8.121224999999997,,,,,,,,,,,,
,,,,,,,,,,,300000,,,,,,,,,,-0.12278115189110395,500.0,0.002168280817659252,0.0003,0.25588593,-335781.91089460003,0.2,0.68553466796875,360,-3.515293086320162,0.9273679256439209,-0.19210968911647797
0.0888473049008995,-17.27729231382221,37,-262422.66965945996,-16.910174793202405,-8.5,0.36411014018577065,0.5,550.53,500.0,0.0,303104,-658.8014528830886,11.06,4.76,-2.2106621441119922,2956,-616.4624000000001,0.451532634032634,102,2.107543734015347,,,,,,,,,,,,
,,,,,,,,,,,310000,,,,,,,,,,-0.11777960803301539,500.0,0.002081918459816734,0.0003,0.24531777,-322566.14616,0.2,0.69129638671875,370,-3.4544696882367134,0.9149138331413269,-0.1859634965658188
0.07213677766868704,0.0,38,-262374.65219718,-17.61031246079475,0.0,0.3503530340906306,0.25,680.17,500.0,0.0,311296,-612.5417464972534,14.5,1.5,-0.7908337827433255,3074,-598.7005000000001,0.34535429697581405,101,4.214545449308758,,,,,,,,,,,,
0.05330716387783608,-17.78793634891893,39,-258052.05709213007,-16.38570957480133,0.0,0.29979937963067593,0.75,819.97,500.0,0.0,319488,-660.8080081224698,20.5,1.25,-0.6912183060410239,3161,-623.2175000000002,0.16405610729140144,101,-2.889699999999999,-0.11664341035648249,,0.0024693603289506426,0.0003,0.23633102,,0.2,0.690478515625,380,-3.4785219483077525,0.9157856702804565,-0.18379269540309906
,,,,,,,,,,,320000,,,,,,,,,,-0.11283015409862855,500.0,0.002218326040156171,0.0003,0.24671341,-275914.3800674,0.2,0.69117431640625,390,-3.4427061676979065,0.912479817867279,-0.18169501423835754
0.04840137688337538,-61.19636349152522,40,-261157.20566465997,-16.542886964136464,0.0,0.30849522021167636,1.1,1006.27,500.0,0.0,327680,-708.4053614261383,24.68,6.75,-7.925119281094834,3279,-632.4760000000002,0.5547691891441892,99,9.180239121474052,,,,,,,,,,,,
,,,,,,,,,,,330000,,,,,,,,,,-0.11470384919375647,500.0,0.0027128624340093666,0.0003,0.24846935,-301000.2064226,0.2,0.68836669921875,400,-3.4250453270971777,0.8993915319442749,-0.17937925457954407
0.053234199746934496,-18.14356688239745,41,-260500.54596750997,-16.994818188953797,0.0,0.37435839037125407,1.0,1002.28,500.0,0.0,335872,-661.7880281487787,14.72,12.0,-2.590450249727669,3395,-636.9794000000003,0.23514957264957265,98,12.685057599650685,,,,,,,,,,,,
,,,,,,,,,,,340000,,,,,,,,,,-0.1191107583057601,500.0,0.0019738735843930046,0.0003,0.25567168,-262751.4623764,0.2,0.69547119140625,410,-3.4333327911794185,0.9247156381607056,-0.188094824552536
0.3304307581784378,-19.047449020474634,42,-259651.44403984002,-16.70994668024883,-45.0,0.1780990985665731,0.36,390.72,500.0,0.0,344064,394.2221066776984,7.0,3.35,-3.9062059215547458,3517,-235.17680000000001,7.118251285914397,97,706.9442570140621,,,,,,,,,,,,
,,,,,,,,,,,350000,,,,,,,,,,-0.11956556146324146,500.0,0.0021058016399365443,0.0003,0.2812666,-291825.16716,0.2,0.7060791015625,420,-3.435657149553299,0.9155682921409607,-0.18589702248573303
0.26287705395519223,0.0,43,-258245.30779678005,-16.524336009140953,-37.5,0.21747437810945275,0.27,37.46,500.0,0.0,352256,-191.4685958637786,0.0,3.7,-7.5307519608409965,3634,-310.9795,3.7024169577711437,96,177.36357514843223,,,,,,,,,,,,
,,,,,,,,,,,360000,,,,,,,,,,-0.11864360544568626,500.0,0.002092836993142555,0.0003,0.25586864,-267957.24696039996,0.2,0.6988525390625,430,-3.378615267574787,0.9230397343635559,-0.1815357655286789
0.15091162458220664,-22.004796049035882,44,-256294.58125337,-16.294056999609996,-23.0,0.2389975247524752,0.0,145.54,500.0,0.0,360448,-453.1197652843496,5.3,1.43,-4.677960294349889,3751,-454.3332,1.896580977828875,96,65.29366708081719,,,,,,,,,,,,
0.10608372441208778,-80.67329824623327,45,-261969.25539063997,-18.268617420769207,-15.5,0.24843302687411598,0.75,283.19,500.0,0.0,368640,-748.0338625534495,5.8,2.43,0.0,3838,-634.7277000000001,0.31533882783882783,96,0.8204142857142875,-0.12151211511227303,,0.002076091057915619,0.0003,0.26363674,,0.2,0.6993408203125,440,-3.331406734138727,0.9126458168029785,-0.18473033607006073
,,,,,,,,,,,370000,,,,,,,,,,-0.12008616689272458,500.0,0.002485107854136004,0.0003,0.2723651,-335230.2542796,0.2,0.69637451171875,450,-3.338753767311573,0.902097761631012,-0.18836385011672974
0.10711136389243327,-90.9506728304988,46,-260363.83089354,-17.493289345717535,-3.0,0.32619970256463754,0.25,340.82,500.0,0.0,376832,-706.6209229739411,16.28,6.75,-0.663904225029254,3953,-587.9386000000002,0.2327922077922078,95,-6.807248780487803,,,,,,,,,,,,
,,,,,,,,,,,380000,,,,,,,,,,-0.11530871929426212,500.0,0.0021242861789232846,0.0003,0.25360447,-295609.3346156,0.2,0.6944580078125,460,-3.349727899581194,0.9176962375640869,-0.17930684983730316
0.09443380453919077,-80.26806574310287,47,-260137.76177968003,-16.558895423716514,-1.5,0.35903300492610835,1.21,404.2,500.0,0.0,385024,-669.7110523286326,3.46,9.0,-6.057544023711585,4069,-581.6869000000002,0.48896933703551343,94,15.871383524862877,,,,,,,,,,,,
,,,,,,,,,,,390000,,,,,,,,,,-0.12059841108130058,500.0,0.0018985878079547547,0.0003,0.27819663,-281392.3341734,0.2,0.70364990234375,470,-3.295444508641958,0.9309072494506836,-0.18477541208267212
0.09244803590584663,0.0,48,-260671.17565398998,-16.11188424504637,-53.5,0.41620707675762025,1.25,519.29,500.0,0.0,393216,-608.1604470097086,3.5,11.54,-1.9806716661747763,4184,-532.1495000000001,1.0912010645219186,93,-5.509592163009403,,,,,,,,,,,,
,,,,,,,,,,,400000,,,,,,,,,,-0.11789094910054701,500.0,0.0017592031933418184,0.0003,0.2864632,-246911.38287260002,0.2,0.69915771484375,480,-3.247567667812109,0.9123450517654419,-0.18432722985744476
0.09439054662651719,-82.09531298221397,49,-261298.81079484004,-19.448065271221004,-23.0,0.4912323509021735,2.25,604.08,500.0,0.0,401408,-670.9609956408646,10.24,14.43,-0.2202528435300467,4301,-545.408,1.0911215345822125,93,-1.8804860784818045,,,,,,,,,,,,
0.061366438868878805,-2.4158899336486077,50,-255595.98509634996,-18.30232740133602,-12.5,0.3710351485148514,1.5,879.67,500.0,0.0,409600,-621.5864717954117,54.5,10.71,-0.21947640820525657,4389,-598.4488,0.21507987252872166,93,10.084942075249488,-0.1229716145338898,,0.0017547255142289942,0.0003,0.29667023,,0.2,0.7150146484375,490,-3.3089896596968176,0.930525541305542,-0.18520556390285492
,,,,,,,,,,,410000,,,,,,,,,,-0.12101109729264863,500.0,0.0015859932785133423,0.0003,0.2917384,-233172.6357252,0.2,0.70645751953125,500,-3.265032509714365,0.9414175748825073,-0.18537300825119019
0.06449637767546576,-2.043743669949371,51,-251246.03116669002,-16.620658166116353,-4.5,0.433409668807113,1.75,906.79,500.0,0.0,417792,-588.107676610337,30.0,11.0,-3.4837423250443185,4506,-560.4216000000001,0.5058468084203378,92,-1.5437792576473175,,,,,,,,,,,,
,,,,,,,,,,,420000,,,,,,,,,,-0.1232715945719974,500.0,0.001556453930106727,0.0003,0.29100448,-253017.32407260002,0.2,0.716357421875,510,-3.321255450695753,0.9447407722473145,-0.18511804938316345
0.04494799582079105,-53.74536227068558,52,-244739.66184267003,-16.47256434640999,0.0,0.33905426684312423,0.13,1183.27,500.0,0.0,425984,-725.621536588661,46.38,5.25,-6.139974473729857,4623,-644.9862000000002,0.08216450216450216,92,-4.3595999999999995,,,,,,,,,,,,
,,,,,,,,,,,430000,,,,,,,,,,-0.12100979641254525,500.0,0.0015459250296771642,0.0003,0.28410292,-249748.2862778,0.2,0.705029296875,520,-3.266334792226553,0.9406617283821106,-0.18303295969963074
0.2662104609295523,-0.2773906209133907,53,-244101.7846128,-17.30961948158539,-99.0,0.13989702970297033,0.25,17.93,500.0,0.0,434176,-103.18128388540136,0.0,3.25,-0.7545759631293539,4743,-240.17679999999996,6.017484582065531,91,248.31961759816124,,,,,,,,,,,,
,,,,,,,,,,,440000,,,,,,,,,,-0.12175799235119485,500.0,0.001611221208668212,0.0003,0.29739332,-266899.1797642,0.2,0.70936279296875,530,-3.2760929696261885,0.9452832937240601,-0.18806466460227966
0.1886653400555242,-26.553618236429692,54,-239570.08559699997,-18.61967472317959,-12.0,0.23814220974336237,0.25,98.19,500.0,0.0,442368,-558.1360888532779,0.8,6.75,-5.600257696575202,4832,-527.3944000000001,1.4139797036468864,91,30.617882099259692,,,,,,,,,,,,
,,,,,,,,,,,450000,,,,,,,,,,-0.12134092632186366,500.0,0.001310906642743248,0.0003,0.31771344,-216568.878815,0.2,0.7085693359375,540,-3.2242864057421685,0.9384487867355347,-0.18029281497001648
0.1456830542797262,-2.5767488627844397,55,-242451.63913289004,-17.146018477195124,-30.5,0.2926865671641792,0.25,186.01,500.0,0.0,450560,-462.5889901181192,5.0,7.05,-3.3914870038871903,4866,-461.09509999999995,1.8366563293947191,92,50.28370789635279,,,,,,,,,,,,
0.13099060738734813,-83.48662592484825,56,-247468.90296028,-18.511041232370644,-1.5,0.35918797349884246,1.66,286.54,500.0,0.0,458752,-652.054176913404,8.92,3.5,-6.693319930410432,4892,-544.408,0.781947967902336,93,1.7628622063228527,-0.12145663709525252,,0.001939138868056034,0.0003,0.28819478,,0.2,0.71239013671875,550,-3.2364394828677177,0.9365461468696594,-0.18763631582260132
,,,,,,,,,,,460000,,,,,,,,,,-0.11923956867685774,500.0,0.0017252659017231054,0.0003,0.28068423,-288144.75933820003,0.2,0.69892578125,560,-3.1882479093968867,0.9353541135787964,-0.18944059312343597
0.10551020135482783,0.0,57,-247370.1127127,-18.669694463233014,-48.0,0.36792910447761196,0.25,351.4,500.0,0.0,466944,-502.31722666228666,5.0,11.68,-0.8192212106635549,4927,-467.5984999999999,0.8837318458451855,94,31.88645716576467,,,,,,,,,,,,
,,,,,,,,,,,470000,,,,,,,,,,-0.12401350374821049,500.0,0.0016542147568088695,0.0003,0.2892257,-259655.3140416,0.2,0.70887451171875,570,-3.1747777327895164,0.9525228142738342,-0.17820709943771362
0.07465173144628238,-47.339255964168125,58,-249463.18169714994,-16.36251151068958,-23.0,0.31901467661691546,1.5,613.63,500.0,0.0,475136,-632.3987617514412,15.3,5.43,-4.8573488459983,4961,-571.9250000000001,1.3970310189279769,95,29.688323550486828,,,,,,,,,,,,
,,,,,,,,,,,480000,,,,,,,,,,-0.1222369658513344,500.0,0.0015184380146820331,0.0003,0.30408117,-214678.8370964,0.2,0.7078125,580,-3.1498698331415653,0.9425336122512817,-0.18154020607471466
0.0665144726920854,-36.53127735965674,59,-247839.91047641,-18.704885627312354,-19.5,0.32873728056453366,1.75,675.03,500.0,0.0,483328,-593.0320741198592,12.92,12.66,-1.756869337784466,4996,-526.6461,0.7372184475236704,96,9.369839757370725,,,,,,,,,,,,
,,,,,,,,,,,490000,,,,,,,,,,-0.12098302918893751,500.0,0.0014963036636800099,0.0003,0.29677057,-238610.608214,0.2,0.70675048828125,590,-3.152678592503071,0.9489901065826416,-0.18727998435497284
0.06429077029066076,-18.747136789933123,60,-248958.24417312,-16.93445531395431,0.0,0.3670996223341178,1.25,787.29,500.0,0.0,491520,-614.7571812064716,19.86,6.25,-0.42549155447133413,5031,-597.4488,0.7501348651348652,97,18.048567586752203,,,,,,,,,,,,
0.06799319711221473,-81.55546090280487,61,-246884.59877393994,-17.957059637483066,-1.5,0.43738631101916164,2.75,889.7,500.0,0.0,499712,-662.7788070232654,69.56,7.75,-0.21771967642625095,5061,-583.1903000000001,0.4819008256236517,98,21.159832367825032,-0.12210791606921703,,0.001565943570676609,0.0003,0.31021646,,0.2,0.71160888671875,600,-3.0933909602463245,0.942955732345581,-0.18514345586299896
,,,,,,,,,,,500000,,,,,,,,,,-0.11916033968736883,500.0,0.0015956318449298124,0.0003,0.31381515,-189770.483731,0.2,0.70623779296875,610,-3.1299581848084927,0.926902711391449,-0.18266887962818146
0.04376663629003707,-30.78284286112609,62,-242754.63179246002,-18.631439042397073,0.0,0.3180315403182109,1.5,1094.89,500.0,0.0,507904,-688.8256535686847,60.74,7.0,-6.1930958310341175,5092,-633.4760000000002,0.11285520035520037,99,0.14486896551724102,,,,,,,,,,,,
,,,,,,,,,,,510000,,,,,,,,,,-0.12029710949136643,500.0,0.0017347826420518685,0.0003,0.3088528,-217757.7759602,0.2,0.7062255859375,620,-3.143862147629261,0.9405452013015747,-0.1852131187915802
0.3636473167873242,-0.5576409150517222,63,-241276.63394637004,-16.51244093616079,-70.0,0.09337250079651005,0.15,50.77,500.0,0.0,516096,661.8519044060522,2.62,1.57,-8.420105254561058,5129,-107.5782,8.991585496840024,100,855.9287060149859,,,,,,,,,,,,
,,,,,,,,,,,520000,,,,,,,,,,-0.11996556158846942,500.0,0.0015375886202946276,0.0003,0.32976383,-211433.4878678,0.2,0.70908203125,630,-3.150781525671482,0.9416365623474121,-0.18384024500846863
0.24491476658067018,0.0,64,-241079.38032201998,-17.92064141485112,-23.5,0.23238989458647352,0.46,50.92,500.0,0.0,524288,-302.9991322257636,0.0,2.32,-5.711474649561712,5165,-367.26520000000005,3.5058910090149147,101,107.89229282963429,,,,,,,,,,,,
,,,,,,,,,,,530000,,,,,,,,,,-0.11997743354804698,500.0,0.0014673223937052172,0.0003,0.32111216,-228477.2393778,0.2,0.70201416015625,640,-3.0976893432438373,0.9408162236213684,-0.1854744702577591
0.1925145911294598,0.0,65,-237902.33502793004,-15.414483381672685,-16.0,0.32461342298408946,1.0,91.32,500.0,0.0,532480,-353.4954443324856,0.5,5.47,-0.6282516745122542,5200,-390.789,2.3559302694023048,102,66.9803604542971,,,,,,,,,,,,
,,,,,,,,,,,540000,,,,,,,,,,-0.12332579830908799,500.0,0.0012794049261856343,0.0003,0.32335868,-204779.4062154,0.2,0.71053466796875,650,-3.110880398750305,0.9459425210952759,-0.17755237221717834
0.11296772150644235,0.0,66,-231452.43670464001,-18.35653992100654,-35.5,0.2771899241416679,1.5,275.6,500.0,0.0,540672,-606.1138497676245,0.5,3.47,-2.569780629253621,5235,-563.6733,0.5879421521012752,103,13.397828630534312,,,,,,,,,,,,
0.09916632752011807,-46.235629215806014,67,-231791.0847453,-16.460782450979504,-16.5,0.31541435643564353,0.75,343.31,500.0,0.0,548864,-591.4698019651811,0.5,5.5,-0.30985674464682356,5262,-517.6393,0.8943831908153317,104,4.781383255435887,-0.12090977175685111,,0.0010842384607940402,0.0003,0.3208179,,0.2,0.71029052734375,660,-3.0467083498835565,0.9361128807067871,-0.18369153141975403
,,,,,,,,,,,550000,,,,,,,,,,-0.12651818251033548,500.0,0.0015501652850161917,0.0003,0.34622896,-216976.5170538,0.2,0.71968994140625,670,-3.08738112449646,0.9201130270957947,-0.18853197991847992
0.08742628677235804,-0.45357254879229414,68,-229856.45597586,-16.122960371626757,-9.0,0.343472906403941,0.5,469.98,500.0,0.0,557056,-616.1729691387627,18.0,5.5,-0.9650766073830794,5297,-599.9522000000001,0.5009455642396818,105,9.81989482479965,,,,,,,,,,,,
,,,,,,,,,,,560000,,,,,,,,,,-0.12268914872402092,500.0,0.001170881730513429,0.0003,0.32476193,-224484.0883444,0.2,0.71768798828125,680,-3.0604120627045632,0.9432738423347473,-0.18571044504642487
0.09054739644381268,0.0,69,-229980.91712402002,-16.912990341781832,-14.0,0.42224999999999996,0.5,504.27,500.0,0.0,565248,-605.1962277689404,11.0,9.82,-1.1985427513701965,5333,-569.6801000000002,0.628998981717046,105,-4.033593657505284,,,,,,,,,,,,
,,,,,,,,,,,570000,,,,,,,,,,-0.11354310912283835,500.0,0.001565053069816713,0.0003,0.31869984,-242879.65444899997,0.2,0.70736083984375,690,-3.060810126364231,0.9323925971984863,-0.1691993921995163
0.0804584891021816,-36.083996848971076,70,-226281.15732197996,-18.545558509040244,-4.5,0.4332027363184079,2.25,727.06,500.0,0.0,573440,-645.2814702912885,31.9,7.0,-1.9013376406742963,5369,-603.2039000000001,0.633328125091283,106,18.319994582305796,,,,,,,,,,,,
,,,,,,,,,,,580000,,,,,,,,,,-0.11897931623389013,500.0,0.0013264080341741646,0.0003,0.3127821,-189269.8574916,0.2,0.7013916015625,700,-3.036923087388277,0.9246865510940552,-0.1821928769350052
0.06898450506998123,-111.52557374023328,71,-224838.55829222992,-17.523055368871482,-4.5,0.4246499999999999,1.25,800.85,500.0,0.0,581632,-614.9822812218201,33.02,8.5,0.0,5405,-462.0951,0.5439787696375057,107,-19.88253088235294,,,,,,,,,,,,
0.054417817732881214,-92.35863800958454,72,-231021.28980291,-15.386905921320462,-7.0,0.3768054455445544,3.0,893.78,500.0,0.0,589824,-638.2424788559172,36.74,15.22,-1.1338871626708826,5431,-514.8842000000001,0.5304756455760627,108,-8.009323407917382,-0.12350308192544616,,0.0013982627336645236,0.0003,0.34545112,,0.2,0.71495361328125,710,-3.011325718462467,0.924202561378479,-0.18698252737522125
,,,,,,,,,,,590000,,,,,,,,,,-0.1235266192277777,500.0,0.0016922244211855287,0.0003,0.3208937,-240340.37940739997,0.2,0.70928955078125,720,-2.9709472581744194,0.9122946858406067,-0.18681825697422028
0.13396333380341374,-10.107449070873106,73,-225045.75073739004,-16.432994656332895,-25.0,0.40094987685335687,1.05,781.35,500.0,0.0,598016,-124.29411072998133,12.5,12.59,-0.7925667756861923,5468,-407.8026000000001,2.8299452305539092,109,333.011554542357,,,,,,,,,,,,
,,,,,,,,,,,600000,,,,,,,,,,-0.11902116876590299,500.0,0.0013298113651671883,0.0003,0.32649004,-188720.754791,0.2,0.7024658203125,730,-3.0039110757410525,0.9246786236763,-0.17532134056091309
0.29092966427943195,-19.240037716436195,74,-225991.16002206,-17.11139778231617,-72.0,0.18691666666666668,0.25,21.63,500.0,0.0,606208,-54.32431352659282,0.42,3.87,-1.140673135083819,5505,-201.14279999999997,5.802955960825491,110,250.50763914641786,,,,,,,,,,,,
,,,,,,,,,,,610000,,,,,,,,,,-0.12135133978517842,500.0,0.0012900502130833047,0.0003,0.33685666,-214584.47421820002,0.2,0.708642578125,740,-2.8965706899762154,0.9124549031257629,-0.18224191665649414
0.21438640947102816,-27.402638530403348,75,-226422.70011890001,-17.29077514700971,-27.0,0.2960866336633664,0.27,65.54,500.0,0.0,614400,-289.2538109235643,1.52,2.0,-7.812262819852515,5541,-263.68019999999996,3.494448563472692,110,50.43761701022855,,,,,,,,,,,,
,,,,,,,,,,,620000,,,,,,,,,,-0.12395629854436266,500.0,0.0013958619904315128,0.0003,0.3439846,-226250.4719412,0.2,0.71885986328125,750,-3.038117849081755,0.9233925938606262,-0.18708311021327972
0.16036452841262508,0.0,76,-224529.63588541004,-17.89536098990104,-12.0,0.3397014925373134,0.5,175.98,500.0,0.0,622592,-418.06650829730484,1.0,5.0,-5.24731065940951,5578,-414.05430000000007,2.1280120342072486,111,29.002451317798453,,,,,,,,,,,,
,,,,,,,,,,,630000,,,,,,,,,,-0.11777305404320941,500.0,0.0011098612970954491,0.0003,0.3526914,-267663.16774919996,0.2,0.71104736328125,760,-3.0290129110217094,0.9287830591201782,-0.17627792060375214
0.1450379640763614,0.0,77,-223153.25294113994,-17.72120405637963,0.0,0.4110387037159712,1.25,290.38,500.0,0.0,630784,-525.9771432047119,2.0,4.25,-0.7806472542609949,5617,-517.1291,1.0566633185654923,112,8.59714478736327,,,,,,,,,,,,
0.08323158222337736,-103.5162693548093,78,-220779.14342774995,-18.305473834054666,0.0,0.30340643564356434,1.0,475.09,500.0,0.0,638976,-754.4711395699244,9.6,4.25,-1.7416182842115824,5644,-651.7413000000001,0.17339896214896214,113,20.660122941002296,-0.11990684173215413,,0.0012315381948155846,0.0003,0.35317868,,0.2,0.71573486328125,770,-2.9328374452888966,0.92154461145401,-0.18471482396125793
,,,,,,,,,,,640000,,,,,,,,,,-0.12043369325474487,500.0,0.001279078451193527,0.0003,0.35863394,-196724.2219494,0.2,0.71461181640625,780,-2.9570864126086236,0.9223681688308716,-0.17761407792568207
0.09993336488454067,-8.867077294066794,79,-224709.81460508998,-15.778587600129793,-1.5,0.4320820466632355,1.5,451.18,500.0,0.0,647168,-470.1702902787922,3.98,10.0,-2.3771561010074267,5681,-491.0951,1.2548398556040063,113,48.192790860807555,,,,,,,,,,,,
,,,,,,,,,,,650000,,,,,,,,,,-0.12645971360179828,500.0,0.0013010853123660126,0.0003,0.36845696,-161747.06891,0.2,0.72529296875,790,-2.9603361040353775,0.907105565071106,-0.18230044841766357
0.07476075540610887,-72.66592218858173,80,-223091.80155144003,-19.28486307273756,-31.5,0.38064522683611635,2.5,598.63,500.0,0.0,655360,-699.2377346510115,9.64,8.53,-0.35374668855078717,5713,-568.6733,0.36833999548782825,114,-7.12824269662921,,,,,,,,,,,,
,,,,,,,,,,,660000,,,,,,,,,,-0.11876499315912951,500.0,0.0011027532127855012,0.0003,0.35860884,-244423.70718780003,0.2,0.7133544921875,800,-2.970548867434263,0.9308893084526062,-0.1725052446126938
0.07989600990123151,-28.16075791850114,81,-216008.25649198997,-17.59827644958326,-10.0,0.46168255683005255,1.5,645.17,500.0,0.0,663552,-611.0515884144264,2.62,16.6,-1.2553679661165185,5743,-570.9182000000001,0.9832571704611179,115,15.897756749313299,,,,,,,,,,,,
,,,,,,,,,,,670000,,,,,,,,,,-0.12333913166366983,500.0,0.00107674665111972,0.0003,0.34597963,-172687.7595278,0.2,0.7117919921875,810,-2.9361133947968483,0.9192692041397095,-0.18085218966007233
0.07469685562654758,-99.85910974461012,82,-214766.37306069996,-17.60208563567548,-6.0,0.48900940594059406,3.25,775.91,500.0,0.0,671744,-666.5041878726493,18.64,21.25,-0.5887917712650961,5773,-533.4012000000001,0.5690928047513727,116,-9.622093525850019,,,,,,,,,,,,
0.06436503882266029,-0.3368443550965645,83,-211937.68949156,-18.716717848028754,-24.5,0.4664826855819911,3.5,957.43,500.0,0.0,679936,-499.2754593467923,60.0,12.31,-0.7644435430560746,5795,-485.8638,1.0179007750524105,117,29.888445624336736,-0.12065101688349386,,0.0013001324435663263,0.0003,0.34827107,,0.2,0.7084716796875,820,-2.962994260340929,0.9102954864501953,-0.1824432611465454
,,,,,,,,,,,680000,,,,,,,,,,-0.11029976780555444,500.0,0.0012661066180726266,0.0003,0.33212057,-167142.0939092,0.2,0.69775390625,830,-2.9755375094711782,0.8986152410507202,-0.1736963987350464
0.34901430016144075,-0.5849397787168847,84,-211362.87859455997,-16.5357645930747,-79.5,0.11651930693069308,0.0,8.65,500.0,0.0,688128,323.22498391327,0.0,1.7,-3.3762341872281127,5826,-127.84350000000002,8.597918999902745,118,542.4675034723871,,,,,,,,,,,,
,,,,,,,,,,,690000,,,,,,,,,,-0.12575996428058717,500.0,0.0013108951632148091,0.0003,0.3670743,-184522.65981299998,0.2,0.72327880859375,840,-2.8980253748595715,0.9090866446495056,-0.18521010875701904
0.21879993732735808,-8.765786585411059,85,-206378.52853694,-17.78127711063313,-47.5,0.23529762717651073,0.25,48.31,500.0,0.0,696320,-272.5994681846953,0.08,4.24,-1.1194369010997889,5857,-343.00669999999997,3.9190040459794466,118,141.65472836646916,,,,,,,,,,,,
,,,,,,,,,,,700000,,,,,,,,,,-0.12573348808364243,500.0,0.0010047329855979114,0.0003,0.3948549,-232004.054742,0.2,0.72427978515625,850,-2.8687851004302503,0.9345799684524536,-0.17934562265872955
0.15593353780686336,0.0,86,-207221.41389730998,-16.491186185827935,-15.0,0.28501959263090487,1.0,139.22,500.0,0.0,704512,-311.5522010555259,3.5,6.75,-1.876466826514796,5890,-341.755,2.096153224019441,119,61.47429873279734,,,,,,,,,,,,
,,,,,,,,,,,710000,,,,,,,,,,-0.12091701512254076,500.0,0.0013475942263539765,0.0003,0.3601863,-240759.0953496,0.2,0.712060546875,860,-2.9059203781187533,0.9125908017158508,-0.18323813378810883
0.1413391225702217,0.0,87,-207316.07797232,-18.45541994893725,0.0,0.36106237623762377,0.25,232.27,500.0,0.0,712704,-585.2267596299778,0.0,5.75,-1.2781200121474299,5921,-559.1699000000001,0.761703058379529,120,-7.085022727272724,,,,,,,,,,,,
,,,,,,,,,,,720000,,,,,,,,,,-0.11903994593121751,500.0,0.0012571953642009249,0.0003,0.3511404,-268683.04314900003,0.2,0.70244140625,870,-2.9584371291100977,0.9064556956291199,-0.1790158450603485
0.13640458599419353,-45.768968382031424,88,-207432.45327831001,-18.207775805884282,-27.5,0.4461769986700163,1.17,285.42,500.0,0.0,720896,-486.4906642854459,2.34,6.57,-7.250390390019209,5951,-408.5576999999999,2.123449536638038,121,18.670720755850954,,,,,,,,,,,,
0.11992956941520255,-71.30911819725912,89,-206186.87732053996,-16.504148066440752,-10.0,0.478104832613987,1.0,325.58,500.0,0.0,729088,-571.203626335363,1.82,9.12,-0.26339246758668383,5974,-455.57129999999995,1.6341171032456876,122,-19.189784707322335,-0.11895947206648998,,0.0010803206627088002,0.0003,0.37080115,,0.2,0.717041015625,880,-2.9771521359682085,0.940237283706665,-0.17601880431175232
,,,,,,,,,,,730000,,,,,,,,,,-0.12085696713620564,500.0,0.0010130520244501894,0.0003,0.37741727,-182967.80394,0.2,0.71552734375,890,-2.9400319077074526,0.9275592565536499,-0.1791251003742218
0.11124726340820963,-26.639799890003527,90,-205104.57045203994,-17.115884561231265,-14.0,0.5240997980395055,1.0,463.71,500.0,0.0,737280,-568.3755632391891,20.38,13.03,-0.5742405376564232,6005,-533.6529,0.8598465691589934,122,22.747415180542944,,,,,,,,,,,,
,,,,,,,,,,,740000,,,,,,,,,,-0.12053368536144263,500.0,0.0015917488090508413,0.0003,0.35170448,-227288.40061840002,0.2,0.71597900390625,900,-2.924909172207117,0.8882189989089966,-0.17772957682609558
0.08791082465410335,-0.15601218561870117,91,-206465.93364753,-16.85512628993017,-76.5,0.48165392156862746,1.49,568.07,500.0,0.0,745472,-455.4304454177641,19.5,14.04,-6.991732786563278,6035,-373.0271,1.5391516510403642,123,16.56037419330772,,,,,,,,,,,,
,,,,,,,,,,,750000,,,,,,,,,,-0.1222544738331635,500.0,0.0011606654514253023,0.0003,0.3901735,-180858.89443220003,0.2,0.71888427734375,910,-2.9144680432975294,0.9417679905891418,-0.17607080936431885
0.09282716944504144,-8.812238898601384,92,-198714.96290812,-16.457622490725488,-73.0,0.5730078670685979,1.0,467.07,500.0,0.0,753664,-482.1852971745369,3.26,27.32,-1.736897458530609,6066,-387.272,1.4401583547171781,124,3.653303318603358,,,,,,,,,,,,
,,,,,,,,,,,760000,,,,,,,,,,-0.11768104171933373,500.0,0.001094456335636096,0.0003,0.37775138,-193544.2138506,0.2,0.71226806640625,920,-2.7911817274987696,0.9480693340301514,-0.17778629064559937
0.07573559217265294,-112.63412496474405,93,-194677.60867766998,-16.979870186222257,-94.0,0.526448497610955,1.25,769.21,500.0,0.0,761856,-593.0582844794501,40.54,46.91,-1.897879510088036,6096,-410.5509,1.929940552840169,124,41.07454962876399,,,,,,,,,,,,
,,,,,,,,,,,770000,,,,,,,,,,-0.12350668473300175,500.0,0.0012656977255119273,0.0003,0.39862677,-209571.0994486,0.2,0.71712646484375,930,-2.9001588083803655,0.9084032773971558,-0.18916085362434387
0.294736626444245,0.0,94,-189959.02976486005,-16.359093080959394,-13.0,0.2372600997475676,1.04,564.9,500.0,0.0,770048,388.557714123218,11.96,9.71,-4.82178354684368,6128,-286.7142,5.611130165785889,125,703.8416605852352,,,,,,,,,,,,
0.2652698019304477,0.0,95,-186677.72887120006,-16.079680958062234,-111.0,0.204576368159204,0.0,24.08,500.0,0.0,778240,-12.470276304551815,0.0,4.67,-0.9057984738488605,6151,-174.8707,6.519133422953334,126,283.8667697044059,-0.11979530025855638,,0.0011862879835916828,0.0003,0.38120192,,0.2,0.71055908203125,940,-2.858435556292534,0.9203392863273621,-0.17379872500896454
,,,,,,,,,,,780000,,,,,,,,,,-0.12513938967022115,500.0,0.0009852500822034927,0.0003,0.38279903,-145454.730659,0.2,0.72044677734375,950,-2.9063870944082737,0.9327555894851685,-0.1888239085674286
0.21664646166876309,-0.11048095900456385,96,-183572.02788813002,-16.218911317597712,-39.5,0.3243524407785974,0.93,77.61,500.0,0.0,786432,-136.45703752307375,0.0,3.89,-7.551884783587435,6181,-255.18359999999996,4.21769915804197,127,177.890140379074,,,,,,,,,,,,
,,,,,,,,,,,790000,,,,,,,,,,-0.12165494969667634,500.0,0.0009280739448968234,0.0003,0.3693029,-176764.24033600002,0.2,0.72115478515625,960,-2.950039455294609,0.9275172352790833,-0.17893922328948975
0.14819704910096682,-9.55393970314227,97,-181371.64604515996,-17.640637668080043,-9.0,0.332724338702527,0.45,215.95,500.0,0.0,794624,-577.894459105133,1.28,8.0,-14.800684479362893,6212,-534.1495000000002,0.8032372480964992,127,6.447065497355675,,,,,,,,,,,,
,,,,,,,,,,,800000,,,,,,,,,,-0.11474017222426483,500.0,0.001250184074115168,0.0003,0.38852394,-199419.8906472,0.2,0.7047607421875,970,-2.8490403279662133,0.9064980745315552,-0.17022804915905
0.1325485107130801,-18.009992832407026,98,-185119.61835131,-17.726457307991545,-42.0,0.39512365400719185,1.0,266.6,500.0,0.0,802816,-401.4363049661786,1.1,9.1,-1.0474231405739594,6242,-397.29920000000004,1.8778026332561262,128,72.7689656815377,,,,,,,,,,,,
,,,,,,,,,,,810000,,,,,,,,,,-0.11503243977786042,500.0,0.0010427343413311973,0.0003,0.34853804,-178722.68065260001,0.2,0.7018798828125,980,-2.956046158820391,0.9113998413085938,-0.17203165590763092
0.13267873470600064,0.0,99,-180642.54381194,-16.623899335226795,-93.0,0.4873247039409822,1.68,352.84,500.0,0.0,811008,-535.525121943114,1.0,9.01,-6.906642590137438,6273,-437.07469999999995,1.3484743927962228,129,16.731645589454036,,,,,,,,,,,,
0.11665619720556919,-0.18007481753602406,100,-183790.50424537004,-15.891230427985882,-27.0,0.5174900497512437,0.5,461.63,500.0,0.0,819200,-510.6685354074196,6.5,10.5,-1.4071115936099843,6296,-521.6257,1.4835517998625418,130,53.9520296318497,-0.1255536031239899,,0.000951709034529813,0.0003,0.40739578,,0.2,0.72225341796875,990,-2.870093834400177,0.9284409880638123,-0.1808006465435028
,,,,,,,,,,,820000,,,,,,,,,,-0.12714986627470354,500.0,0.0014165794990503855,0.0003,0.42630777,-176156.43998660002,0.2,0.7227294921875,1000,-2.885911124199629,0.9072924852371216,-0.18754415214061737
0.09664080686772202,-0.6854487667870948,101,-182931.90213408004,-20.078823947744972,-83.5,0.5001119402985075,1.25,530.76,500.0,0.0,827392,-536.561534444181,1.0,15.04,-4.750407732131874,6326,-425.79580000000004,1.3750168210310054,130,-3.1260708185481154,,,,,,,,,,,,
,,,,,,,,,,,830000,,,,,,,,,,-0.11704906809172826,500.0,0.0010663514291309184,0.0003,0.39234316,-138372.44549040002,0.2,0.7127197265625,1010,-2.9041405759751795,0.9143775105476379,-0.17136797308921814
0.09202593880362292,0.0,102,-181437.70819942,-18.879903474580843,-8.5,0.5418625757351855,1.75,625.37,500.0,0.0,835584,-459.8523504496602,4.5,19.06,-0.3720112206151,6358,-445.8298,0.9581517792063459,131,12.771212466329407,,,,,,,,,,,,
,,,,,,,,,,,840000,,,,,,,,,,-0.1248068784509087,500.0,0.0009172854965072474,0.0003,0.4068644,-163297.00693079998,0.2,0.7224609375,1020,-2.807713537663221,0.9346545338630676,-0.171990767121315
0.0902426042671504,0.0,103,-181122.23424532,-17.415284143255654,-23.5,0.5966492145185402,3.0,657.9,500.0,0.0,843776,-477.4857313820693,9.0,18.9,-1.6744278114028521,6388,-435.06109999999995,1.1518054921327907,132,-0.9867249195436015,,,,,,,,,,,,
,,,,,,,,,,,850000,,,,,,,,,,-0.1245597122629988,500.0,0.0010983901562667598,0.0003,0.40388662,-175858.30394379998,0.2,0.72137451171875,1030,-2.8097651176154614,0.901865541934967,-0.18222711980342865
0.08452888123979481,-9.293511272813461,104,-177198.52638159,-17.0284768754268,-30.0,0.6186302915384547,2.49,688.14,500.0,0.0,851968,-449.8961209778124,1.48,23.92,-6.382158298322715,6419,-370.7686,0.8346737944400315,132,-17.258048325689348,,,,,,,,,,,,
,,,,,,,,,,,860000,,,,,,,,,,-0.11855259905860294,500.0,0.001060106791578619,0.0003,0.4109845,-156928.35455979998,0.2,0.7101806640625,1040,-2.8189565569162367,0.9051905274391174,-0.17756852507591248
0.3406766211048573,0.0,105,-183869.19680732,-17.221440791859983,-55.0,0.15483234077139058,0.0,13.84,500.0,0.0,860160,175.90772568703272,0.0,1.84,-1.8070651228248564,6450,-138.8435,7.958035763101334,133,380.8216958386163,,,,,,,,,,,,
0.21390929283388668,0.0,106,-178553.85207798,-18.072964520324106,-37.5,0.25609083296389346,0.25,82.92,500.0,0.0,868352,-134.6086766325393,0.0,3.58,-0.4209666433216705,6473,-260.19039999999995,4.485561632434361,134,177.0900928986721,-0.1186623993649846,,0.001066580683709617,0.0003,0.42487693,,0.2,0.71109619140625,1050,-2.8089272767305373,0.9158985614776611,-0.18013425171375275
,,,,,,,,,,,870000,,,,,,,,,,-0.12159666036168346,500.0,0.001067745532918707,0.0003,0.39311916,-186134.350972,0.2,0.72003173828125,1060,-2.8524244353175163,0.9071053266525269,-0.17955616116523743
0.1618949768080334,0.0,107,-175708.43910678,-17.22682967511703,-43.5,0.3137054455445545,0.25,142.46,500.0,0.0,876544,-262.3385931081629,0.0,3.66,-0.24383154311013303,6504,-273.19719999999995,2.8856834126056263,134,68.94358469745865,,,,,,,,,,,,
,,,,,,,,,,,880000,,,,,,,,,,-0.11896710855216952,500.0,0.0010097804199176608,0.0003,0.42254752,-167866.9874826,0.2,0.70770263671875,1070,-2.795030900835991,0.9115204811096191,-0.17164629697799683
0.13820228130296552,-9.456613958568648,108,-175501.43676858,-18.45319941866214,-14.5,0.3680061018437226,0.0,239.89,500.0,0.0,884736,-458.8304006842251,0.02,7.26,-4.104561007690801,6535,-440.3264000000001,1.2958189873459427,135,26.714554713350534,,,,,,,,,,,,
,,,,,,,,,,,890000,,,,,,,,,,-0.12528565440879902,500.0,0.0010335563697253746,0.0003,0.44359303,-176002.262579,0.2,0.7249755859375,1080,-2.8122573204338552,0.906481921672821,-0.17731626331806183
0.13233830372280841,-26.85769895368315,109,-176414.64612747,-18.280262768255508,-44.0,0.44777474895677194,2.01,296.97,500.0,0.0,892928,-522.0250728429044,7.8,8.2,-7.472363373549066,6565,-457.5917,1.5030148690337648,136,30.673937383549625,,,,,,,,,,,,
,,,,,,,,,,,900000,,,,,,,,,,-0.12507838618330425,500.0,0.0010213796465677661,0.0003,0.4232235,-177711.39033539998,0.2,0.72421875,1090,-2.8083925381302834,0.9234541654586792,-0.18590284883975983
0.10178169375358846,-27.00303275140473,110,-178215.16812251005,-16.819987853963305,-30.0,0.4216004657854949,1.42,439.93,500.0,0.0,901120,-532.2494307779241,16.38,10.94,-11.3305927431855,6596,-458.0951000000001,1.0812221082711728,136,9.918060462358243,,,,,,,,,,,,
0.11168669783990237,-11.134974262172118,111,-178120.78558244996,-18.15548420186584,-44.0,0.5378950182112152,0.75,387.57,500.0,0.0,909312,-345.0651238548742,6.54,13.53,-3.9768651745523647,6618,-351.0134999999999,2.257109835478307,137,80.95858994823787,-0.12463745997520163,,0.0012077972899533051,0.0003,0.4149219,,0.2,0.72298583984375,1100,-2.8632958710193632,0.92170649766922,-0.18272878229618073
,,,,,,,,,,,910000,,,,,,,,,,-0.12134969769831513,500.0,0.0009151899976586719,0.0003,0.46231848,-160720.54386499999,0.2,0.7139404296875,1110,-2.860604463517666,0.9456504583358765,-0.17758533358573914
0.09221819619899081,-17.82461982546074,112,-172097.60559662,-16.924517650740157,-30.0,0.5146347470567952,2.39,534.25,500.0,0.0,917504,-419.73364307831457,11.3,18.83,-6.437763184677566,6649,-359.51009999999985,2.5350807946727145,137,8.428276787891127,,,,,,,,,,,,
,,,,,,,,,,,920000,,,,,,,,,,-0.1275239893278922,500.0,0.0009531480538043979,0.0003,0.44857293,-214728.0535728,0.2,0.728564453125,1120,-2.8175556644797326,0.9455236792564392,-0.18574780225753784
0.07904017622817829,-36.853787615272516,113,-173461.84333846,-17.673001754465687,-20.5,0.500487157807024,2.59,689.29,500.0,0.0,925696,-560.411745914279,7.6,18.94,-13.322769507363674,6680,-502.12910000000005,0.8479897813781916,138,29.2189231814448,,,,,,,,,,,,
,,,,,,,,,,,930000,,,,,,,,,,-0.1204669965794892,500.0,0.0009550811302005968,0.0003,0.4335452,-188689.79484140003,0.2,0.7186279296875,1130,-2.8025932744145394,0.9330599308013916,-0.1786981076002121
0.07236421031141925,0.0,114,-172792.01823331,-17.505618683424235,-13.5,0.5124325919905425,1.29,908.57,500.0,0.0,933888,-569.5498569678658,16.5,7.75,-6.4716771840068645,6710,-518.8638,1.6363324429268706,139,-14.845093543361607,,,,,,,,,,,,
,,,,,,,,,,,940000,,,,,,,,,,-0.11970723717240617,500.0,0.00122608439837677,0.0003,0.40368056,-227986.1424656,0.2,0.7140869140625,1140,-2.8153680719435217,0.9141502380371094,-0.1750822812318802
0.3872698793853789,-18.75643859725199,115,-172507.50291219997,-16.797421113488774,-44.5,0.16396691542288558,0.25,214.17,500.0,0.0,942080,709.3354080551834,11.88,3.42,-2.8930641319376527,6742,-90.31289999999998,9.410059722652349,139,873.1851721752095,,,,,,,,,,,,
,,,,,,,,,,,950000,,,,,,,,,,-0.1161769771220861,500.0,0.0013433952457035047,0.0003,0.42478558,-183649.4556242,0.2,0.71246337890625,1150,-2.8321487717330456,0.911262571811676,-0.1778755486011505
0.27293697901741365,0.0,116,-166832.77245592,-16.676406105739794,-44.0,0.24156056446253227,0.27,24.51,500.0,0.0,950272,77.41768901029423,0.0,1.94,-13.883078436726835,6772,-168.87069999999997,6.663134135420076,140,314.1847394173408,,,,,,,,,,,,
0.20232123206650146,0.0,117,-167064.90720782,-15.961469491577583,-52.0,0.3290482587064677,1.26,102.72,500.0,0.0,958464,-133.07657840271372,0.5,5.9,-5.748185400497082,6795,-224.40810000000002,4.598664577574055,141,160.4425119117869,-0.1192428345209919,,0.0010652030464143535,0.0003,0.42183924,,0.2,0.7077880859375,1160,-2.879571899026632,0.9216368198394775,-0.17748482525348663
,,,,,,,,,,,960000,,,,,,,,,,-0.11408768374531064,500.0,0.0011665554198316385,0.0003,0.39505747,-171489.4040998,0.2,0.7066162109375,1170,-2.7875000074505807,0.919011116027832,-0.1706109195947647
0.15180806525562818,0.0,118,-167362.75150065997,-18.596329274318776,-4.5,0.3599183168316831,0.44,169.43,500.0,0.0,966656,-337.54451780388376,0.0,4.0,-7.4578199219051164,6826,-388.29239999999993,2.849741246231521,141,78.45229014610862,,,,,,,,,,,,
,,,,,,,,,,,970000,,,,,,,,,,-0.12130699780100258,500.0,0.0010704180614993675,0.0003,0.46247077,-102039.9275992,0.2,0.72105712890625,1180,-2.7417634449899198,0.939738929271698,-0.17417357861995697
0.13859230719068383,-19.059289227187904,119,-166574.82696848,-16.903724206301337,-12.0,0.4280404906162258,1.5,285.14,500.0,0.0,974848,-390.1192575124502,2.5,7.75,-0.8424805796288048,6857,-377.02029999999996,2.2114869020634766,142,33.4950495986043,,,,,,,,,,,,
,,,,,,,,,,,980000,,,,,,,,,,-0.1169599142653169,500.0,0.0011563751505491381,0.0003,0.42049745,-144182.16671199998,0.2,0.71146240234375,1190,-2.738109977543354,0.918179452419281,-0.16902995109558105
0.09788460586834331,0.0,120,-162197.30664665,-16.015359749942753,-37.5,0.3755114135206321,1.75,402.98,500.0,0.0,983040,-396.77762743161,3.0,12.32,-2.217342414064204,6890,-421.56450000000007,2.229507293405059,142,78.29006743899203,,,,,,,,,,,,
,,,,,,,,,,,990000,,,,,,,,,,-0.12426570335228462,500.0,0.0009574036375397555,0.0003,0.42667443,-184696.1032626,0.2,0.7234619140625,1200,-2.7907174795866014,0.9422137141227722,-0.17697128653526306
0.08955132330602296,0.0,121,-161002.98966062,-16.332203121248398,-24.0,0.4105843258952761,2.5,512.3,500.0,0.0,991232,-578.659415375142,6.5,10.07,0.0,6921,-541.1563000000001,0.8240879213067933,143,2.00499982479965,,,,,,,,,,,,
0.09575490833821179,0.0,122,-157896.20785796,-18.876079821071148,-17.5,0.5073217230678292,1.25,501.51,500.0,0.0,999424,-479.36910757601044,9.5,17.28,-0.01775783134652329,6945,-417.29920000000004,1.200948709947566,143,-26.87701863354037,-0.11930125479411799,,0.0010346073612026885,0.0003,0.4456719,,0.2,0.71435546875,1210,-2.8079802326858045,0.9335687160491943,-0.1821477711200714
,,,,,,,,,,,1000000,,,,,,,,,,-0.12261782675341237,500.0,0.0011056690238092416,0.0003,0.43415874,-175140.6079306,0.2,0.7215087890625,1220,-2.7703388802707196,0.9390626549720764,-0.17987872660160065
0.09702966623847878,0.0,123,-158418.76578755002,-17.749127054123488,-42.5,0.5822155731244767,1.87,608.67,500.0,0.0,1007616,-474.6943335453995,6.0,18.14,-6.017362282910884,6976,-428.0679,0.9320800338199219,144,18.707975757815003,,,,,,,,,,,,
