custom/reward_coverage_mean,custom/reward_uav_separation_mean,custom/coverage_fraction_mean,custom/reward_dynamic_obstacle_avoidance_mean,rollout/ep_rew_mean,custom/reward_energy_efficiency_mean,custom/collisions_uav_uav_mean,time/total_timesteps,custom/collisions_uav_dynamic_obstacle_mean,custom/valid_action_fraction_mean,custom/reward_collision_avoidance_mean,time/fps,time/iterations,time/time_elapsed,rollout/ep_len_mean,custom/reward_total_mean,custom/reward_exploration_mean,custom/reward_mission_completion_mean,custom/reward_boundary_mean,custom/collisions_uav_static_obstacle_mean,custom/collisions_uav_boundary_mean,train/policy_gradient_loss,train/learning_rate,train/approx_kl,train/n_updates,train/loss,eval/mean_ep_length,eval/mean_reward,train/value_loss,train/clip_range,train/explained_variance,train/entropy_loss,train/clip_fraction
310.3362337078575,0.0,0.17235198019801978,-2.0697638731723473,-301641.60621712497,-17.03095147662831,0.0,8192,0.0,0.29776777372743884,-67.0,97,1,84,500.0,-51.88840915964544,5.835172482297768,0.0,-281.95910000000003,2.32,32.14,,,,,,,,,,,,
,,,,,,,10000,,,,,,,,,,,,,,-0.07880948259335127,0.0003,0.051521894,10,-0.1773601621389389,500.0,-323923.20391060004,0.05211595046639559,0.2,0.25578564405441284,-4.810550068318844,0.3650390625
9.706110653753031,-4.0007781936620646,0.2309388059701493,-0.6529182443180989,-299794.75576050003,-17.820160280209933,1.5,16384,0.75,0.17314853232790633,-21.0,79,2,205,500.0,-614.19991021891,0.751335845527022,0.0,-581.1835000000001,3.35,132.73,,,,,,,,,,,,
,,,,,,,20000,,,,,,,,,,,,,,-0.10307104092353256,0.0003,0.05984085,20,-0.1893819272518158,500.0,-343584.7544586,0.01066228762110768,0.2,0.7043201923370361,-4.765235877037048,0.48089599609375
27.197247868572113,-75.78060597695762,0.2535590066906845,-0.34433123015588873,-297821.34185854165,-17.817331734965407,2.44,24576,1.5,0.12172316044833002,-18.5,74,3,330,500.0,-712.4662436675795,0.49967740592740595,0.0,-627.7209000000001,7.4,225.21,,,,,,,,,,,,
,,,,,,,30000,,,,,,,,,,,,,,-0.11003540337842424,0.0003,0.07171101,30,-0.19507481157779694,500.0,-300626.8167974,0.008311029835113004,0.2,0.8245262503623962,-4.713091583549977,0.54161376953125
16.508645513413505,-64.80140292583371,0.2027466689350485,-1.7907161311519473,-298872.5100478438,-18.566174289031473,14.3,32768,0.5,0.07055413596425264,0.0,77,4,424,500.0,-708.3760884560324,0.5046593765711413,0.0,-640.2311000000002,1.25,445.01,,,,,,,,,,,,
,,,,,,,40000,,,,,,,,,,,,,,-0.10991389880146016,0.0003,0.07720979,40,-0.19818800687789917,500.0,-277053.6890186,0.007747538481362426,0.2,0.8411046266555786,-4.66275292634964,0.55338134765625
-1.1582999999999997,-45.54489825801664,0.22430693069306934,-9.159655830386678,-298211.0347972625,-19.07839984997802,17.84,40960,2.12,0.061465041774046936,-5.5,74,5,550,500.0,-707.864608958851,0.2975449795302737,0.0,-627.7209000000003,2.32,503.77,,,,,,,,,,,,
-12.7674,-46.31003964884719,0.16831515855780574,-6.2321812798942835,-295327.82855684374,-16.190259685028636,25.56,49152,1.86,0.03746520230054285,-4.5,76,6,640,500.0,-666.956017385332,0.4790632284382285,0.0,-581.4352000000001,0.75,698.27,-0.11109502328472445,0.0003,0.08813088,50,-0.191745325922966,,,0.006674692411797878,0.2,0.7911524772644043,-4.623553073406219,0.5821044921875
,,,,,,,50000,,,,,,,,,,,,,,-0.11181788004760165,0.0003,0.097306505,60,-0.1918964385986328,500.0,-289306.1063856,0.005861346824349312,0.2,0.7971707582473755,-4.570049044489861,0.59537353515625
-0.831424390243902,-104.66648127023817,0.27418766316930204,-1.4023802935314464,-296322.07023610995,-18.994652946268403,31.16,57344,0.25,0.05373926432104852,-17.0,75,7,763,500.0,-767.0873365114941,0.2768023887876829,0.0,-624.4692000000001,5.04,786.12,,,,,,,,,,,,
,,,,,,,60000,,,,,,,,,,,,,,-0.1126157147824415,0.0003,0.10503127,70,-0.1952725052833557,500.0,-347816.7372854,0.00623075511693969,0.2,0.7511297464370728,-4.519160869717598,0.60562744140625
-2.4912,-113.91789333188878,0.23305086647919257,-0.3263023512552209,-296773.48300208995,-17.73503285374386,54.46,65536,2.0,0.03944134845109659,-41.0,75,8,871,500.0,-825.3614770217364,0.09515151515151515,0.0,-649.9862,14.6,924.37,,,,,,,,,,,,
,,,,,,,70000,,,,,,,,,,,,,,-0.11262287177960388,0.0003,0.111666806,80,-0.19533264636993408,500.0,-266529.91364780004,0.005473255791321208,0.2,0.765884518623352,-4.472319360077381,0.6159912109375
-4.9824,-48.24067992366204,0.21303083695069017,0.0,-299323.98197357997,-18.044590475149104,52.52,73728,1.25,0.03175539494478807,-54.0,74,9,992,500.0,-742.5922066938884,0.13786370492252845,0.0,-617.4624,28.11,1055.65,,,,,,,,,,,,
,,,,,,,80000,,,,,,,,,,,,,,-0.1116543226489739,0.0003,0.122549646,90,-0.18662405014038086,500.0,-314918.9981912001,0.005531106665557672,0.2,0.7859338521957397,-4.409969110786915,0.62528076171875
-9.341999999999999,-63.011480776202404,0.24917079207920792,-0.9962115839112144,-299564.74694276,-18.995776402223495,27.98,81920,1.5,0.03348373458357872,0.0,73,10,1114,500.0,-704.1228967926401,0.18157196969696968,0.0,-611.9590000000002,10.75,1165.25,,,,,,,,,,,,
,,,,,,,90000,,,,,,,,,,,,,,-0.11051394395908573,0.0003,0.1212612,100,-0.19534504413604736,500.0,-334465.1471022,0.004870670209129457,0.2,0.8245463371276855,-4.371745289862156,0.62244873046875
576.2291946787085,-0.16156315121271358,0.08928624205704151,-1.5430580222064554,-299125.12347071,-16.02055211415442,0.0,90112,0.0,0.3348126141918353,-65.5,73,11,1230,500.0,314.2182020687144,7.6018806775794765,0.0,-186.38769999999997,1.3,8.01,,,,,,,,,,,,
143.77247892109662,-53.55352670371696,0.21603009950248755,-8.637799841205792,-303963.28152916004,-17.909299979400053,3.5,98304,0.26,0.21143277689134,-53.5,74,12,1317,500.0,-457.14109222871366,2.5372553745124917,0.0,-469.8501999999999,4.19,80.26,-0.11231943916645833,0.0003,0.12459204,110,-0.18915559351444244,,,0.0043070076208096,0.2,0.8249879479408264,-4.342587830126286,0.6274169921875
,,,,,,,100000,,,,,,,,,,,,,,-0.10654109226015862,0.0003,0.1234744,120,-0.18447817862033844,500.0,-292867.81629339996,0.004845236442542955,0.2,0.8004151582717896,-4.3096878543496135,0.61982421875
-7.4736,-0.8240919148645276,0.18481343283582088,-0.5788106713794205,-300378.0386832,-15.203548773255475,2.5,106496,0.0,0.10161310324013907,-18.5,74,13,1438,500.0,-651.9660040630049,0.3213472964943553,0.0,-609.7073000000001,1.44,239.75,,,,,,,,,,,,
,,,,,,,110000,,,,,,,,,,,,,,-0.11605075375991873,0.0003,0.13824336,130,-0.1897887885570526,500.0,-290758.98334100004,0.003962972609360804,0.2,0.8667670488357544,-4.247083273530007,0.641552734375
-0.4476631578947361,-58.087988843265286,0.25372664647061716,-7.4774672420945,-297752.36079929996,-18.773896395275994,7.94,114688,0.74,0.10004931681285284,0.0,73,14,1556,500.0,-720.4188853910001,0.3475302475302475,0.0,-635.9794,5.0,316.64,,,,,,,,,,,,
,,,,,,,120000,,,,,,,,,,,,,,-0.11500364870153135,0.0003,0.15136994,140,-0.1877388209104538,500.0,-305931.1528624,0.003707519687259264,0.2,0.8911636471748352,-4.19285834133625,0.65113525390625
-2.8026,-9.38490646053649,0.2667493596374563,-3.355871612354955,-294607.07787204,-17.612114844748234,4.3,122880,0.25,0.08102696873021807,0.0,73,15,1673,500.0,-688.3502345426814,0.04995837495837496,0.0,-655.2447000000002,3.5,446.84,,,,,,,,,,,,
,,,,,,,130000,,,,,,,,,,,,,,-0.11459302269067848,0.0003,0.15206586,150,-0.19490154087543488,500.0,-348802.13299159997,0.0035457598318771487,0.2,0.8996308445930481,-4.176830105483532,0.65255126953125
0.17417659208261668,-27.118786606882455,0.2625468572976701,-4.785164520398915,-292011.03439855,-16.126746181775584,6.68,131072,1.0,0.06486648922999114,0.0,73,16,1794,500.0,-660.4614886379422,0.35403207903207906,0.0,-612.9590000000002,4.0,608.01,,,,,,,,,,,,
-10.899000000000001,-54.417130544667025,0.23293719211822658,-0.7830102344690059,-290486.45818137005,-17.112267196386593,19.56,139264,0.25,0.047998510809663275,0.0,73,17,1886,500.0,-685.7329698058492,0.1789381696734638,0.0,-602.7005,9.0,702.52,-0.11248978710063966,0.0003,0.14791787,160,-0.18984554708003998,,,0.003574064441909286,0.2,0.8549906015396118,-4.114034335315227,0.64532470703125
,,,,,,,140000,,,,,,,,,,,,,,-0.10936404939493513,0.0003,0.1483769,170,-0.19015717506408691,500.0,-271491.54396920005,0.003989723274980861,0.2,0.8979069590568542,-4.092216102778911,0.64515380859375
-0.6228,-38.187961294753784,0.236222538298606,-0.887471966067252,-288378.93140933005,-17.97951694786942,12.58,147456,1.0,0.04215785022683788,-1.5,73,18,2007,500.0,-727.903104754145,0.029545454545454545,0.0,-668.7549,5.0,876.55,,,,,,,,,,,,
,,,,,,,150000,,,,,,,,,,,,,,-0.11661022405460245,0.0003,0.1620216,180,-0.18770836293697357,500.0,-273894.4597638,0.0036820814558723215,0.2,0.9037930369377136,-4.0462955862283705,0.6590087890625
-10.587599999999998,-116.76078240087071,0.25762918960687725,-2.368653088731865,-287132.25971698,-17.202147482121138,30.52,155648,1.0,0.04084661191889177,-1.5,73,19,2128,500.0,-749.561710139817,0.5579728319066555,0.0,-601.7005000000001,3.5,983.73,,,,,,,,,,,,
,,,,,,,160000,,,,,,,,,,,,,,-0.11635367733979365,0.0003,0.1702472,190,-0.18830345571041107,500.0,-363309.7138544,0.003057164215579178,0.2,0.9038653373718262,-3.99849332049489,0.6628662109375
0.0,-46.37967120002697,0.23941710347505343,-0.018816869968355476,-284471.00448128,-16.498335043584877,40.94,163840,1.25,0.03367688183873387,0.0,72,20,2247,500.0,-738.4068231135802,0.0,0.0,-675.51,4.5,1154.5,,,,,,,,,,,,
,,,,,,,170000,,,,,,,,,,,,,,-0.11789802704151953,0.0003,0.17329368,200,-0.18836453557014465,500.0,-307406.5532838,0.003062814183249429,0.2,0.9099664688110352,-3.9442094422876837,0.66485595703125
531.5270411588411,-0.30557280900008404,0.16654445840106402,-2.806985919285409,-285066.50393196003,-16.2830117390662,14.28,172032,0.68,0.1720775945654597,-10.0,72,21,2369,500.0,36.2967004964978,3.518829805008261,0.0,-469.35360000000003,2.09,875.23,,,,,,,,,,,,
,,,,,,,180000,,,,,,,,,,,,,,-0.11493879395275144,0.0003,0.16281706,210,-0.18947871029376984,500.0,-272674.3531206,0.003144885670326403,0.2,0.9312513470649719,-3.94389753267169,0.65052490234375
172.6858525695303,-9.291766786806203,0.1734198044188655,-7.401297830653741,-283767.79914899,-17.021602295866593,0.6,180224,0.1,0.24505742659131258,-10.0,72,22,2483,500.0,-316.1212522149389,2.744162128857292,0.0,-447.83660000000003,2.06,54.17,,,,,,,,,,,,
15.773845449308755,-9.727248047407494,0.2297959760023412,-2.4954542906614274,-281334.804322,-16.71318545484893,0.28,188416,0.0,0.1578546794255483,-47.5,73,23,2574,500.0,-666.4294488845828,0.43649345902635384,0.0,-606.2039000000001,7.06,143.25,-0.11911648438544944,0.0003,0.1775884,220,-0.19230131804943085,,,0.0027769362213348357,0.2,0.9089173674583435,-3.893432132154703,0.66793212890625
,,,,,,,190000,,,,,,,,,,,,,,-0.11794012574264343,0.0003,0.19374298,230,-0.18932437896728516,500.0,-333604.285839,0.002614045915788665,0.2,0.9238623976707458,-3.8398608386516573,0.67752685546875
12.294239121474051,0.0,0.2039851485148515,-1.6799531933556966,-283238.04735619,-17.64932251815787,4.0,196608,0.5,0.09054141595758558,0.0,72,24,2695,500.0,-662.8215742288713,0.20646236116824354,0.0,-655.9930000000002,2.25,298.14,,,,,,,,,,,,
,,,,,,,200000,,,,,,,,,,,,,,-0.1073753559612669,0.0003,0.17416337,240,-0.17927990853786469,500.0,-237772.70116340002,0.003518390285989881,0.2,0.8735832571983337,-3.8309132531285286,0.6569580078125
21.00473693327482,-130.85429403887164,0.31724102260972364,-0.06401888346875291,-285275.37444596,-17.747637395203537,15.32,204800,0.25,0.10794381314187251,-3.0,74,25,2762,500.0,-707.2271427658079,0.869270618461122,0.0,-577.4352000000001,3.75,365.21,,,,,,,,,,,,
,,,,,,,210000,,,,,,,,,,,,,,-0.1176119277588441,0.0003,0.19221127,250,-0.19291414320468903,500.0,-266618.3269136,0.003711460830345459,0.2,0.9241636991500854,-3.795780135691166,0.6697021484375
-5.04102857142857,-38.70390212783542,0.30962085029177866,-6.151654794723457,-288420.1036519,-17.511290493926275,8.04,212992,1.25,0.08401534453245668,-23.5,75,26,2833,500.0,-686.7432356750863,0.3617403128272694,0.0,-596.1971000000001,8.89,443.52,,,,,,,,,,,,
,,,,,,,220000,,,,,,,,,,,,,,-0.11559403285646112,0.0003,0.18423554,260,-0.17994606494903564,500.0,-243845.7538522,0.0032336050182948384,0.2,0.8816077709197998,-3.74618136882782,0.672509765625
-3.280531034482757,-1.3608101802464956,0.2927970986650904,-1.6820404860637455,-282115.87042845995,-15.580734217161803,10.0,221184,1.25,0.06551040613345283,-14.0,76,27,2875,500.0,-640.4960431520481,0.10857276590686203,0.0,-604.7005000000001,7.43,640.76,,,,,,,,,,,,
25.915450605249216,-0.3862382894898546,0.3946533249593616,-5.604704509521193,-282760.6696696,-19.965845313358987,19.5,229376,2.25,0.07659445633786702,-26.0,78,28,2914,500.0,-515.812389821388,1.3444476857328518,0.0,-491.11550000000005,9.21,678.86,-0.1192896268221375,0.0003,0.20561051,270,-0.18021723628044128,,,0.002342918283693507,0.2,0.9239370226860046,-3.699123617261648,0.68441162109375
,,,,,,,230000,,,,,,,,,,,,,,-0.11512514402129455,0.0003,0.22503757,280,-0.18054944276809692,500.0,-260475.77064299997,0.002588440245608581,0.2,0.8830803632736206,-3.682126669585705,0.675927734375
-8.0964,-0.4496074191725484,0.3808144918969509,-7.402418067009457,-279401.42371303996,-18.68929850161039,9.5,237568,2.45,0.06449691690981287,0.0,78,29,3013,500.0,-660.4816314358999,0.12189255189255191,0.0,-625.9658000000002,7.75,820.49,,,,,,,,,,,,
,,,,,,,240000,,,,,,,,,,,,,,-0.118930353000178,0.0003,0.2287367,290,-0.18174351751804352,500.0,-266749.7017236,0.002684597959341772,0.2,0.9210155606269836,-3.6615251578390597,0.69749755859375
-1.381863157894736,-44.95705253820766,0.3482460396039604,-0.5369648295940029,-274610.8689499099,-17.64529969678928,69.82,245760,0.75,0.052248900794339005,-11.5,79,30,3102,500.0,-692.7819853644027,0.20499485808309337,0.0,-616.9658000000002,5.13,989.02,,,,,,,,,,,,
,,,,,,,250000,,,,,,,,,,,,,,-0.11884822174033616,0.0003,0.21931744,300,-0.18427999317646027,500.0,-292829.3098696,0.0027646483038552107,0.2,0.9199131727218628,-3.630734361708164,0.6786376953125
-0.9342,-49.34882445367297,0.2759636840549727,0.0,-271426.62414332,-17.798701872287786,40.04,253952,2.25,0.03677314699335653,0.0,80,31,3163,500.0,-736.8166263259608,0.019999999999999997,0.0,-668.7549,6.5,1187.45,,,,,,,,,,,,
,,,,,,,260000,,,,,,,,,,,,,,-0.11531752730079461,0.0003,0.2125884,310,-0.18598783016204834,500.0,-240008.877942,0.002868748488572237,0.2,0.9166793823242188,-3.6027782343328,0.67718505859375
620.5972973094197,0.0,0.14126233538191393,-2.9211091170409555,-267421.09347257996,-17.070202756752746,0.0,262144,0.75,0.35322672705468855,-61.5,81,32,3208,500.0,426.64562233091914,8.621236895293126,0.0,-121.0816,1.72,7.67,,,,,,,,,,,,
,,,,,,,270000,,,,,,,,,,,,,,-0.1216219353635097,0.0003,0.22212583,320,-0.18943016231060028,500.0,-313775.20650820003,0.0024294668231959805,0.2,0.9312851428985596,-3.5502986878156664,0.689794921875
56.831375812770375,-27.40992715654368,0.20925447761194033,-1.644972980046711,-271376.54065867007,-18.39081817872052,1.18,270336,0.25,0.1815197074784633,-43.0,83,33,3251,500.0,-438.61530471308686,2.2982377894536326,0.0,-407.2992,3.55,86.72,,,,,,,,,,,,
55.23163321324334,-65.58848715408662,0.2665627976296637,-8.075343936587496,-267103.77888134005,-17.117019691251528,4.26,278528,0.82,0.14140027582160467,-10.0,84,34,3287,500.0,-593.1913473848876,1.0175701837946083,0.0,-548.6597,3.99,228.15,-0.12094348111568251,0.0003,0.23237464,330,-0.19048117101192474,,,0.0023221193996505463,0.2,0.9389498233795166,-3.560314927250147,0.68900146484375
,,,,,,,280000,,,,,,,,,,,,,,-0.12106431000574958,0.0003,0.24273199,340,-0.19358153641223907,500.0,-309319.5565354,0.002298351348235883,0.2,0.9258766174316406,-3.5630426071584225,0.6943603515625
13.57738183646186,-11.202727820147418,0.28106094527363185,-13.021044575513642,-267249.97211645,-18.650384946991704,4.4,286720,0.64,0.10616495335136555,-51.5,85,35,3337,500.0,-514.2707422820117,1.3490332241792395,0.0,-434.823,8.69,272.05,,,,,,,,,,,,
,,,,,,,290000,,,,,,,,,,,,,,-0.12202966576442123,0.0003,0.24889538,350,-0.1833541989326477,500.0,-283905.0449440001,0.0020407472735314513,0.2,0.8797464370727539,-3.535135917365551,0.69876708984375
-8.121224999999997,-55.46565982852866,0.30655566502463055,-1.928125658997273,-265922.61897229997,-18.370425256396455,9.5,294912,0.5,0.09032981665917869,-20.5,87,36,3380,500.0,-664.3344311130012,0.47260463092119437,0.0,-560.4216,3.09,437.41,,,,,,,,,,,,
,,,,,,,300000,,,,,,,,,,,,,,-0.12278115189110395,0.0003,0.25588593,360,-0.19210968911647797,500.0,-335781.91089460003,0.002168280817659252,0.2,0.9273679256439209,-3.515293086320162,0.68553466796875
2.107543734015347,-17.27729231382221,0.36411014018577065,-2.2106621441119922,-262422.66965945996,-16.910174793202405,11.06,303104,0.5,0.0888473049008995,-8.5,88,37,3427,500.0,-658.8014528830886,0.451532634032634,0.0,-616.4624000000001,4.76,550.53,,,,,,,,,,,,
,,,,,,,310000,,,,,,,,,,,,,,-0.11777960803301539,0.0003,0.24531777,370,-0.1859634965658188,500.0,-322566.14616,0.002081918459816734,0.2,0.9149138331413269,-3.4544696882367134,0.69129638671875
4.214545449308758,0.0,0.3503530340906306,-0.7908337827433255,-262374.65219718,-17.61031246079475,14.5,311296,0.25,0.07213677766868704,0.0,89,38,3489,500.0,-612.5417464972534,0.34535429697581405,0.0,-598.7005000000001,1.5,680.17,,,,,,,,,,,,
-2.889699999999999,-17.78793634891893,0.29979937963067593,-0.6912183060410239,-258052.05709213007,-16.38570957480133,20.5,319488,0.75,0.05330716387783608,0.0,90,39,3533,500.0,-660.8080081224698,0.16405610729140144,0.0,-623.2175000000002,1.25,819.97,-0.11664341035648249,0.0003,0.23633102,380,-0.18379269540309906,,,0.0024693603289506426,0.2,0.9157856702804565,-3.4785219483077525,0.690478515625
,,,,,,,320000,,,,,,,,,,,,,,-0.11283015409862855,0.0003,0.24671341,390,-0.18169501423835754,500.0,-275914.3800674,0.002218326040156171,0.2,0.912479817867279,-3.4427061676979065,0.69117431640625
9.180239121474052,-61.19636349152522,0.30849522021167636,-7.925119281094834,-261157.20566465997,-16.542886964136464,24.68,327680,1.1,0.04840137688337538,0.0,91,40,3578,500.0,-708.4053614261383,0.5547691891441892,0.0,-632.4760000000002,6.75,1006.27,,,,,,,,,,,,
,,,,,,,330000,,,,,,,,,,,,,,-0.11470384919375647,0.0003,0.24846935,400,-0.17937925457954407,500.0,-301000.2064226,0.0027128624340093666,0.2,0.8993915319442749,-3.4250453270971777,0.68836669921875
12.685057599650685,-18.14356688239745,0.37435839037125407,-2.590450249727669,-260500.54596750997,-16.994818188953797,14.72,335872,1.0,0.053234199746934496,0.0,92,41,3621,500.0,-661.7880281487787,0.23514957264957265,0.0,-636.9794000000003,12.0,1002.28,,,,,,,,,,,,
,,,,,,,340000,,,,,,,,,,,,,,-0.1191107583057601,0.0003,0.25567168,410,-0.188094824552536,500.0,-262751.4623764,0.0019738735843930046,0.2,0.9247156381607056,-3.4333327911794185,0.69547119140625
706.9442570140621,-19.047449020474634,0.1780990985665731,-3.9062059215547458,-259651.44403984002,-16.70994668024883,7.0,344064,0.36,0.3304307581784378,-45.0,93,42,3665,500.0,394.2221066776984,7.118251285914397,0.0,-235.17680000000001,3.35,390.72,,,,,,,,,,,,
,,,,,,,350000,,,,,,,,,,,,,,-0.11956556146324146,0.0003,0.2812666,420,-0.18589702248573303,500.0,-291825.16716,0.0021058016399365443,0.2,0.9155682921409607,-3.435657149553299,0.7060791015625
177.36357514843223,0.0,0.21747437810945275,-7.5307519608409965,-258245.30779678005,-16.524336009140953,0.0,352256,0.27,0.26287705395519223,-37.5,94,43,3708,500.0,-191.4685958637786,3.7024169577711437,0.0,-310.9795,3.7,37.46,,,,,,,,,,,,
,,,,,,,360000,,,,,,,,,,,,,,-0.11864360544568626,0.0003,0.25586864,430,-0.1815357655286789,500.0,-267957.24696039996,0.002092836993142555,0.2,0.9230397343635559,-3.378615267574787,0.6988525390625
65.29366708081719,-22.004796049035882,0.2389975247524752,-4.677960294349889,-256294.58125337,-16.294056999609996,5.3,360448,0.0,0.15091162458220664,-23.0,96,44,3753,500.0,-453.1197652843496,1.896580977828875,0.0,-454.3332,1.43,145.54,,,,,,,,,,,,
0.8204142857142875,-80.67329824623327,0.24843302687411598,0.0,-261969.25539063997,-18.268617420769207,5.8,368640,0.75,0.10608372441208778,-15.5,97,45,3784,500.0,-748.0338625534495,0.31533882783882783,0.0,-634.7277000000001,2.43,283.19,-0.12151211511227303,0.0003,0.26363674,440,-0.18473033607006073,,,0.002076091057915619,0.2,0.9126458168029785,-3.331406734138727,0.6993408203125
,,,,,,,370000,,,,,,,,,,,,,,-0.12008616689272458,0.0003,0.2723651,450,-0.18836385011672974,500.0,-335230.2542796,0.002485107854136004,0.2,0.902097761631012,-3.338753767311573,0.69637451171875
-6.807248780487803,-90.9506728304988,0.32619970256463754,-0.663904225029254,-260363.83089354,-17.493289345717535,16.28,376832,0.25,0.10711136389243327,-3.0,98,46,3828,500.0,-706.6209229739411,0.2327922077922078,0.0,-587.9386000000002,6.75,340.82,,,,,,,,,,,,
,,,,,,,380000,,,,,,,,,,,,,,-0.11530871929426212,0.0003,0.25360447,460,-0.17930684983730316,500.0,-295609.3346156,0.0021242861789232846,0.2,0.9176962375640869,-3.349727899581194,0.6944580078125
15.871383524862877,-80.26806574310287,0.35903300492610835,-6.057544023711585,-260137.76177968003,-16.558895423716514,3.46,385024,1.21,0.09443380453919077,-1.5,99,47,3872,500.0,-669.7110523286326,0.48896933703551343,0.0,-581.6869000000002,9.0,404.2,,,,,,,,,,,,
,,,,,,,390000,,,,,,,,,,,,,,-0.12059841108130058,0.0003,0.27819663,470,-0.18477541208267212,500.0,-281392.3341734,0.0018985878079547547,0.2,0.9309072494506836,-3.295444508641958,0.70364990234375
-5.509592163009403,0.0,0.41620707675762025,-1.9806716661747763,-260671.17565398998,-16.11188424504637,3.5,393216,1.25,0.09244803590584663,-53.5,100,48,3915,500.0,-608.1604470097086,1.0912010645219186,0.0,-532.1495000000001,11.54,519.29,,,,,,,,,,,,
,,,,,,,400000,,,,,,,,,,,,,,-0.11789094910054701,0.0003,0.2864632,480,-0.18432722985744476,500.0,-246911.38287260002,0.0017592031933418184,0.2,0.9123450517654419,-3.247567667812109,0.69915771484375
-1.8804860784818045,-82.09531298221397,0.4912323509021735,-0.2202528435300467,-261298.81079484004,-19.448065271221004,10.24,401408,2.25,0.09439054662651719,-23.0,101,49,3957,500.0,-670.9609956408646,1.0911215345822125,0.0,-545.408,14.43,604.08,,,,,,,,,,,,
10.084942075249488,-2.4158899336486077,0.3710351485148514,-0.21947640820525657,-255595.98509634996,-18.30232740133602,54.5,409600,1.5,0.061366438868878805,-12.5,102,50,3992,500.0,-621.5864717954117,0.21507987252872166,0.0,-598.4488,10.71,879.67,-0.1229716145338898,0.0003,0.29667023,490,-0.18520556390285492,,,0.0017547255142289942,0.2,0.930525541305542,-3.3089896596968176,0.7150146484375
,,,,,,,410000,,,,,,,,,,,,,,-0.12101109729264863,0.0003,0.2917384,500,-0.18537300825119019,500.0,-233172.6357252,0.0015859932785133423,0.2,0.9414175748825073,-3.265032509714365,0.70645751953125
-1.5437792576473175,-2.043743669949371,0.433409668807113,-3.4837423250443185,-251246.03116669002,-16.620658166116353,30.0,417792,1.75,0.06449637767546576,-4.5,103,51,4033,500.0,-588.107676610337,0.5058468084203378,0.0,-560.4216000000001,11.0,906.79,,,,,,,,,,,,
,,,,,,,420000,,,,,,,,,,,,,,-0.1232715945719974,0.0003,0.29100448,510,-0.18511804938316345,500.0,-253017.32407260002,0.001556453930106727,0.2,0.9447407722473145,-3.321255450695753,0.716357421875
-4.3595999999999995,-53.74536227068558,0.33905426684312423,-6.139974473729857,-244739.66184267003,-16.47256434640999,46.38,425984,0.13,0.04494799582079105,0.0,104,52,4075,500.0,-725.621536588661,0.08216450216450216,0.0,-644.9862000000002,5.25,1183.27,,,,,,,,,,,,
,,,,,,,430000,,,,,,,,,,,,,,-0.12100979641254525,0.0003,0.28410292,520,-0.18303295969963074,500.0,-249748.2862778,0.0015459250296771642,0.2,0.9406617283821106,-3.266334792226553,0.705029296875
248.31961759816124,-0.2773906209133907,0.13989702970297033,-0.7545759631293539,-244101.7846128,-17.30961948158539,0.0,434176,0.25,0.2662104609295523,-99.0,105,53,4124,500.0,-103.18128388540136,6.017484582065531,0.0,-240.17679999999996,3.25,17.93,,,,,,,,,,,,
,,,,,,,440000,,,,,,,,,,,,,,-0.12175799235119485,0.0003,0.29739332,530,-0.18806466460227966,500.0,-266899.1797642,0.001611221208668212,0.2,0.9452832937240601,-3.2760929696261885,0.70936279296875
30.617882099259692,-26.553618236429692,0.23814220974336237,-5.600257696575202,-239570.08559699997,-18.61967472317959,0.8,442368,0.25,0.1886653400555242,-12.0,106,54,4166,500.0,-558.1360888532779,1.4139797036468864,0.0,-527.3944000000001,6.75,98.19,,,,,,,,,,,,
,,,,,,,450000,,,,,,,,,,,,,,-0.12134092632186366,0.0003,0.31771344,540,-0.18029281497001648,500.0,-216568.878815,0.001310906642743248,0.2,0.9384487867355347,-3.2242864057421685,0.7085693359375
50.28370789635279,-2.5767488627844397,0.2926865671641792,-3.3914870038871903,-242451.63913289004,-17.146018477195124,5.0,450560,0.25,0.1456830542797262,-30.5,106,55,4225,500.0,-462.5889901181192,1.8366563293947191,0.0,-461.09509999999995,7.05,186.01,,,,,,,,,,,,
1.7628622063228527,-83.48662592484825,0.35918797349884246,-6.693319930410432,-247468.90296028,-18.511041232370644,8.92,458752,1.66,0.13099060738734813,-1.5,107,56,4258,500.0,-652.054176913404,0.781947967902336,0.0,-544.408,3.5,286.54,-0.12145663709525252,0.0003,0.28819478,550,-0.18763631582260132,,,0.001939138868056034,0.2,0.9365461468696594,-3.2364394828677177,0.71239013671875
,,,,,,,460000,,,,,,,,,,,,,,-0.11923956867685774,0.0003,0.28068423,560,-0.18944059312343597,500.0,-288144.75933820003,0.0017252659017231054,0.2,0.9353541135787964,-3.1882479093968867,0.69892578125
31.88645716576467,0.0,0.36792910447761196,-0.8192212106635549,-247370.1127127,-18.669694463233014,5.0,466944,0.25,0.10551020135482783,-48.0,108,57,4298,500.0,-502.31722666228666,0.8837318458451855,0.0,-467.5984999999999,11.68,351.4,,,,,,,,,,,,
,,,,,,,470000,,,,,,,,,,,,,,-0.12401350374821049,0.0003,0.2892257,570,-0.17820709943771362,500.0,-259655.3140416,0.0016542147568088695,0.2,0.9525228142738342,-3.1747777327895164,0.70887451171875
29.688323550486828,-47.339255964168125,0.31901467661691546,-4.8573488459983,-249463.18169714994,-16.36251151068958,15.3,475136,1.5,0.07465173144628238,-23.0,109,58,4343,500.0,-632.3987617514412,1.3970310189279769,0.0,-571.9250000000001,5.43,613.63,,,,,,,,,,,,
,,,,,,,480000,,,,,,,,,,,,,,-0.1222369658513344,0.0003,0.30408117,580,-0.18154020607471466,500.0,-214678.8370964,0.0015184380146820331,0.2,0.9425336122512817,-3.1498698331415653,0.7078125
9.369839757370725,-36.53127735965674,0.32873728056453366,-1.756869337784466,-247839.91047641,-18.704885627312354,12.92,483328,1.75,0.0665144726920854,-19.5,109,59,4395,500.0,-593.0320741198592,0.7372184475236704,0.0,-526.6461,12.66,675.03,,,,,,,,,,,,
,,,,,,,490000,,,,,,,,,,,,,,-0.12098302918893751,0.0003,0.29677057,590,-0.18727998435497284,500.0,-238610.608214,0.0014963036636800099,0.2,0.9489901065826416,-3.152678592503071,0.70675048828125
18.048567586752203,-18.747136789933123,0.3670996223341178,-0.42549155447133413,-248958.24417312,-16.93445531395431,19.86,491520,1.25,0.06429077029066076,0.0,110,60,4431,500.0,-614.7571812064716,0.7501348651348652,0.0,-597.4488,6.25,787.29,,,,,,,,,,,,
21.159832367825032,-81.55546090280487,0.43738631101916164,-0.21771967642625095,-246884.59877393994,-17.957059637483066,69.56,499712,2.75,0.06799319711221473,-1.5,112,61,4459,500.0,-662.7788070232654,0.4819008256236517,0.0,-583.1903000000001,7.75,889.7,-0.12210791606921703,0.0003,0.31021646,600,-0.18514345586299896,,,0.001565943570676609,0.2,0.942955732345581,-3.0933909602463245,0.71160888671875
,,,,,,,500000,,,,,,,,,,,,,,-0.11916033968736883,0.0003,0.31381515,610,-0.18266887962818146,500.0,-189770.483731,0.0015956318449298124,0.2,0.926902711391449,-3.1299581848084927,0.70623779296875
0.14486896551724102,-30.78284286112609,0.3180315403182109,-6.1930958310341175,-242754.63179246002,-18.631439042397073,60.74,507904,1.5,0.04376663629003707,0.0,112,62,4498,500.0,-688.8256535686847,0.11285520035520037,0.0,-633.4760000000002,7.0,1094.89,,,,,,,,,,,,
,,,,,,,510000,,,,,,,,,,,,,,-0.12029710949136643,0.0003,0.3088528,620,-0.1852131187915802,500.0,-217757.7759602,0.0017347826420518685,0.2,0.9405452013015747,-3.143862147629261,0.7062255859375
855.9287060149859,-0.5576409150517222,0.09337250079651005,-8.420105254561058,-241276.63394637004,-16.51244093616079,2.62,516096,0.15,0.3636473167873242,-70.0,113,63,4535,500.0,661.8519044060522,8.991585496840024,0.0,-107.5782,1.57,50.77,,,,,,,,,,,,
,,,,,,,520000,,,,,,,,,,,,,,-0.11996556158846942,0.0003,0.32976383,630,-0.18384024500846863,500.0,-211433.4878678,0.0015375886202946276,0.2,0.9416365623474121,-3.150781525671482,0.70908203125
107.89229282963429,0.0,0.23238989458647352,-5.711474649561712,-241079.38032201998,-17.92064141485112,0.0,524288,0.46,0.24491476658067018,-23.5,114,64,4567,500.0,-302.9991322257636,3.5058910090149147,0.0,-367.26520000000005,2.32,50.92,,,,,,,,,,,,
,,,,,,,530000,,,,,,,,,,,,,,-0.11997743354804698,0.0003,0.32111216,640,-0.1854744702577591,500.0,-228477.2393778,0.0014673223937052172,0.2,0.9408162236213684,-3.0976893432438373,0.70201416015625
66.9803604542971,0.0,0.32461342298408946,-0.6282516745122542,-237902.33502793004,-15.414483381672685,0.5,532480,1.0,0.1925145911294598,-16.0,115,65,4596,500.0,-353.4954443324856,2.3559302694023048,0.0,-390.789,5.47,91.32,,,,,,,,,,,,
,,,,,,,540000,,,,,,,,,,,,,,-0.12332579830908799,0.0003,0.32335868,650,-0.17755237221717834,500.0,-204779.4062154,0.0012794049261856343,0.2,0.9459425210952759,-3.110880398750305,0.71053466796875
13.397828630534312,0.0,0.2771899241416679,-2.569780629253621,-231452.43670464001,-18.35653992100654,0.5,540672,1.5,0.11296772150644235,-35.5,116,66,4629,500.0,-606.1138497676245,0.5879421521012752,0.0,-563.6733,3.47,275.6,,,,,,,,,,,,
4.781383255435887,-46.235629215806014,0.31541435643564353,-0.30985674464682356,-231791.0847453,-16.460782450979504,0.5,548864,0.75,0.09916632752011807,-16.5,117,67,4654,500.0,-591.4698019651811,0.8943831908153317,0.0,-517.6393,5.5,343.31,-0.12090977175685111,0.0003,0.3208179,660,-0.18369153141975403,,,0.0010842384607940402,0.2,0.9361128807067871,-3.0467083498835565,0.71029052734375
,,,,,,,550000,,,,,,,,,,,,,,-0.12651818251033548,0.0003,0.34622896,670,-0.18853197991847992,500.0,-216976.5170538,0.0015501652850161917,0.2,0.9201130270957947,-3.08738112449646,0.71968994140625
9.81989482479965,-0.45357254879229414,0.343472906403941,-0.9650766073830794,-229856.45597586,-16.122960371626757,18.0,557056,0.5,0.08742628677235804,-9.0,118,68,4687,500.0,-616.1729691387627,0.5009455642396818,0.0,-599.9522000000001,5.5,469.98,,,,,,,,,,,,
,,,,,,,560000,,,,,,,,,,,,,,-0.12268914872402092,0.0003,0.32476193,680,-0.18571044504642487,500.0,-224484.0883444,0.001170881730513429,0.2,0.9432738423347473,-3.0604120627045632,0.71768798828125
-4.033593657505284,0.0,0.42224999999999996,-1.1985427513701965,-229980.91712402002,-16.912990341781832,11.0,565248,0.5,0.09054739644381268,-14.0,119,69,4720,500.0,-605.1962277689404,0.628998981717046,0.0,-569.6801000000002,9.82,504.27,,,,,,,,,,,,
,,,,,,,570000,,,,,,,,,,,,,,-0.11354310912283835,0.0003,0.31869984,690,-0.1691993921995163,500.0,-242879.65444899997,0.001565053069816713,0.2,0.9323925971984863,-3.060810126364231,0.70736083984375
18.319994582305796,-36.083996848971076,0.4332027363184079,-1.9013376406742963,-226281.15732197996,-18.545558509040244,31.9,573440,2.25,0.0804584891021816,-4.5,120,70,4753,500.0,-645.2814702912885,0.633328125091283,0.0,-603.2039000000001,7.0,727.06,,,,,,,,,,,,
,,,,,,,580000,,,,,,,,,,,,,,-0.11897931623389013,0.0003,0.3127821,700,-0.1821928769350052,500.0,-189269.8574916,0.0013264080341741646,0.2,0.9246865510940552,-3.036923087388277,0.7013916015625
-19.88253088235294,-111.52557374023328,0.4246499999999999,0.0,-224838.55829222992,-17.523055368871482,33.02,581632,1.25,0.06898450506998123,-4.5,121,71,4785,500.0,-614.9822812218201,0.5439787696375057,0.0,-462.0951,8.5,800.85,,,,,,,,,,,,
-8.009323407917382,-92.35863800958454,0.3768054455445544,-1.1338871626708826,-231021.28980291,-15.386905921320462,36.74,589824,3.0,0.054417817732881214,-7.0,122,72,4810,500.0,-638.2424788559172,0.5304756455760627,0.0,-514.8842000000001,15.22,893.78,-0.12350308192544616,0.0003,0.34545112,710,-0.18698252737522125,,,0.0013982627336645236,0.2,0.924202561378479,-3.011325718462467,0.71495361328125
,,,,,,,590000,,,,,,,,,,,,,,-0.1235266192277777,0.0003,0.3208937,720,-0.18681825697422028,500.0,-240340.37940739997,0.0016922244211855287,0.2,0.9122946858406067,-2.9709472581744194,0.70928955078125
333.011554542357,-10.107449070873106,0.40094987685335687,-0.7925667756861923,-225045.75073739004,-16.432994656332895,12.5,598016,1.05,0.13396333380341374,-25.0,123,73,4844,500.0,-124.29411072998133,2.8299452305539092,0.0,-407.8026000000001,12.59,781.35,,,,,,,,,,,,
,,,,,,,600000,,,,,,,,,,,,,,-0.11902116876590299,0.0003,0.32649004,730,-0.17532134056091309,500.0,-188720.754791,0.0013298113651671883,0.2,0.9246786236763,-3.0039110757410525,0.7024658203125
250.50763914641786,-19.240037716436195,0.18691666666666668,-1.140673135083819,-225991.16002206,-17.11139778231617,0.42,606208,0.25,0.29092966427943195,-72.0,124,74,4885,500.0,-54.32431352659282,5.802955960825491,0.0,-201.14279999999997,3.87,21.63,,,,,,,,,,,,
,,,,,,,610000,,,,,,,,,,,,,,-0.12135133978517842,0.0003,0.33685666,740,-0.18224191665649414,500.0,-214584.47421820002,0.0012900502130833047,0.2,0.9124549031257629,-2.8965706899762154,0.708642578125
50.43761701022855,-27.402638530403348,0.2960866336633664,-7.812262819852515,-226422.70011890001,-17.29077514700971,1.52,614400,0.27,0.21438640947102816,-27.0,122,75,4998,500.0,-289.2538109235643,3.494448563472692,0.0,-263.68019999999996,2.0,65.54,,,,,,,,,,,,
,,,,,,,620000,,,,,,,,,,,,,,-0.12395629854436266,0.0003,0.3439846,750,-0.18708311021327972,500.0,-226250.4719412,0.0013958619904315128,0.2,0.9233925938606262,-3.038117849081755,0.71885986328125
29.002451317798453,0.0,0.3397014925373134,-5.24731065940951,-224529.63588541004,-17.89536098990104,1.0,622592,0.5,0.16036452841262508,-12.0,121,76,5113,500.0,-418.06650829730484,2.1280120342072486,0.0,-414.05430000000007,5.0,175.98,,,,,,,,,,,,
,,,,,,,630000,,,,,,,,,,,,,,-0.11777305404320941,0.0003,0.3526914,760,-0.17627792060375214,500.0,-267663.16774919996,0.0011098612970954491,0.2,0.9287830591201782,-3.0290129110217094,0.71104736328125
8.59714478736327,0.0,0.4110387037159712,-0.7806472542609949,-223153.25294113994,-17.72120405637963,2.0,630784,1.25,0.1450379640763614,0.0,120,77,5227,500.0,-525.9771432047119,1.0566633185654923,0.0,-517.1291,4.25,290.38,,,,,,,,,,,,
20.660122941002296,-103.5162693548093,0.30340643564356434,-1.7416182842115824,-220779.14342774995,-18.305473834054666,9.6,638976,1.0,0.08323158222337736,0.0,120,78,5312,500.0,-754.4711395699244,0.17339896214896214,0.0,-651.7413000000001,4.25,475.09,-0.11990684173215413,0.0003,0.35317868,770,-0.18471482396125793,,,0.0012315381948155846,0.2,0.92154461145401,-2.9328374452888966,0.71573486328125
,,,,,,,640000,,,,,,,,,,,,,,-0.12043369325474487,0.0003,0.35863394,780,-0.17761407792568207,500.0,-196724.2219494,0.001279078451193527,0.2,0.9223681688308716,-2.9570864126086236,0.71461181640625
48.192790860807555,-8.867077294066794,0.4320820466632355,-2.3771561010074267,-224709.81460508998,-15.778587600129793,3.98,647168,1.5,0.09993336488454067,-1.5,119,79,5425,500.0,-470.1702902787922,1.2548398556040063,0.0,-491.0951,10.0,451.18,,,,,,,,,,,,
,,,,,,,650000,,,,,,,,,,,,,,-0.12645971360179828,0.0003,0.36845696,790,-0.18230044841766357,500.0,-161747.06891,0.0013010853123660126,0.2,0.907105565071106,-2.9603361040353775,0.72529296875
-7.12824269662921,-72.66592218858173,0.38064522683611635,-0.35374668855078717,-223091.80155144003,-19.28486307273756,9.64,655360,2.5,0.07476075540610887,-31.5,118,80,5538,500.0,-699.2377346510115,0.36833999548782825,0.0,-568.6733,8.53,598.63,,,,,,,,,,,,
,,,,,,,660000,,,,,,,,,,,,,,-0.11876499315912951,0.0003,0.35860884,800,-0.1725052446126938,500.0,-244423.70718780003,0.0011027532127855012,0.2,0.9308893084526062,-2.970548867434263,0.7133544921875
15.897756749313299,-28.16075791850114,0.46168255683005255,-1.2553679661165185,-216008.25649198997,-17.59827644958326,2.62,663552,1.5,0.07989600990123151,-10.0,117,81,5652,500.0,-611.0515884144264,0.9832571704611179,0.0,-570.9182000000001,16.6,645.17,,,,,,,,,,,,
,,,,,,,670000,,,,,,,,,,,,,,-0.12333913166366983,0.0003,0.34597963,810,-0.18085218966007233,500.0,-172687.7595278,0.00107674665111972,0.2,0.9192692041397095,-2.9361133947968483,0.7117919921875
-9.622093525850019,-99.85910974461012,0.48900940594059406,-0.5887917712650961,-214766.37306069996,-17.60208563567548,18.64,671744,3.25,0.07469685562654758,-6.0,116,82,5766,500.0,-666.5041878726493,0.5690928047513727,0.0,-533.4012000000001,21.25,775.91,,,,,,,,,,,,
29.888445624336736,-0.3368443550965645,0.4664826855819911,-0.7644435430560746,-211937.68949156,-18.716717848028754,60.0,679936,3.5,0.06436503882266029,-24.5,116,83,5851,500.0,-499.2754593467923,1.0179007750524105,0.0,-485.8638,12.31,957.43,-0.12065101688349386,0.0003,0.34827107,820,-0.1824432611465454,,,0.0013001324435663263,0.2,0.9102954864501953,-2.962994260340929,0.7084716796875
,,,,,,,680000,,,,,,,,,,,,,,-0.11029976780555444,0.0003,0.33212057,830,-0.1736963987350464,500.0,-167142.0939092,0.0012661066180726266,0.2,0.8986152410507202,-2.9755375094711782,0.69775390625
542.4675034723871,-0.5849397787168847,0.11651930693069308,-3.3762341872281127,-211362.87859455997,-16.5357645930747,0.0,688128,0.0,0.34901430016144075,-79.5,115,84,5970,500.0,323.22498391327,8.597918999902745,0.0,-127.84350000000002,1.7,8.65,,,,,,,,,,,,
,,,,,,,690000,,,,,,,,,,,,,,-0.12575996428058717,0.0003,0.3670743,840,-0.18521010875701904,500.0,-184522.65981299998,0.0013108951632148091,0.2,0.9090866446495056,-2.8980253748595715,0.72327880859375
141.65472836646916,-8.765786585411059,0.23529762717651073,-1.1194369010997889,-206378.52853694,-17.78127711063313,0.08,696320,0.25,0.21879993732735808,-47.5,114,85,6083,500.0,-272.5994681846953,3.9190040459794466,0.0,-343.00669999999997,4.24,48.31,,,,,,,,,,,,
,,,,,,,700000,,,,,,,,,,,,,,-0.12573348808364243,0.0003,0.3948549,850,-0.17934562265872955,500.0,-232004.054742,0.0010047329855979114,0.2,0.9345799684524536,-2.8687851004302503,0.72427978515625
61.47429873279734,0.0,0.28501959263090487,-1.876466826514796,-207221.41389730998,-16.491186185827935,3.5,704512,1.0,0.15593353780686336,-15.0,113,86,6196,500.0,-311.5522010555259,2.096153224019441,0.0,-341.755,6.75,139.22,,,,,,,,,,,,
,,,,,,,710000,,,,,,,,,,,,,,-0.12091701512254076,0.0003,0.3601863,860,-0.18323813378810883,500.0,-240759.0953496,0.0013475942263539765,0.2,0.9125908017158508,-2.9059203781187533,0.712060546875
-7.085022727272724,0.0,0.36106237623762377,-1.2781200121474299,-207316.07797232,-18.45541994893725,0.0,712704,0.25,0.1413391225702217,0.0,112,87,6311,500.0,-585.2267596299778,0.761703058379529,0.0,-559.1699000000001,5.75,232.27,,,,,,,,,,,,
,,,,,,,720000,,,,,,,,,,,,,,-0.11903994593121751,0.0003,0.3511404,870,-0.1790158450603485,500.0,-268683.04314900003,0.0012571953642009249,0.2,0.9064556956291199,-2.9584371291100977,0.70244140625
18.670720755850954,-45.768968382031424,0.4461769986700163,-7.250390390019209,-207432.45327831001,-18.207775805884282,2.34,720896,1.17,0.13640458599419353,-27.5,112,88,6424,500.0,-486.4906642854459,2.123449536638038,0.0,-408.5576999999999,6.57,285.42,,,,,,,,,,,,
-19.189784707322335,-71.30911819725912,0.478104832613987,-0.26339246758668383,-206186.87732053996,-16.504148066440752,1.82,729088,1.0,0.11992956941520255,-10.0,111,89,6511,500.0,-571.203626335363,1.6341171032456876,0.0,-455.57129999999995,9.12,325.58,-0.11895947206648998,0.0003,0.37080115,880,-0.17601880431175232,,,0.0010803206627088002,0.2,0.940237283706665,-2.9771521359682085,0.717041015625
,,,,,,,730000,,,,,,,,,,,,,,-0.12085696713620564,0.0003,0.37741727,890,-0.1791251003742218,500.0,-182967.80394,0.0010130520244501894,0.2,0.9275592565536499,-2.9400319077074526,0.71552734375
22.747415180542944,-26.639799890003527,0.5240997980395055,-0.5742405376564232,-205104.57045203994,-17.115884561231265,20.38,737280,1.0,0.11124726340820963,-14.0,111,90,6623,500.0,-568.3755632391891,0.8598465691589934,0.0,-533.6529,13.03,463.71,,,,,,,,,,,,
,,,,,,,740000,,,,,,,,,,,,,,-0.12053368536144263,0.0003,0.35170448,900,-0.17772957682609558,500.0,-227288.40061840002,0.0015917488090508413,0.2,0.8882189989089966,-2.924909172207117,0.71597900390625
16.56037419330772,-0.15601218561870117,0.48165392156862746,-6.991732786563278,-206465.93364753,-16.85512628993017,19.5,745472,1.49,0.08791082465410335,-76.5,110,91,6738,500.0,-455.4304454177641,1.5391516510403642,0.0,-373.0271,14.04,568.07,,,,,,,,,,,,
,,,,,,,750000,,,,,,,,,,,,,,-0.1222544738331635,0.0003,0.3901735,910,-0.17607080936431885,500.0,-180858.89443220003,0.0011606654514253023,0.2,0.9417679905891418,-2.9144680432975294,0.71888427734375
3.653303318603358,-8.812238898601384,0.5730078670685979,-1.736897458530609,-198714.96290812,-16.457622490725488,3.26,753664,1.0,0.09282716944504144,-73.0,109,92,6852,500.0,-482.1852971745369,1.4401583547171781,0.0,-387.272,27.32,467.07,,,,,,,,,,,,
,,,,,,,760000,,,,,,,,,,,,,,-0.11768104171933373,0.0003,0.37775138,920,-0.17778629064559937,500.0,-193544.2138506,0.001094456335636096,0.2,0.9480693340301514,-2.7911817274987696,0.71226806640625
41.07454962876399,-112.63412496474405,0.526448497610955,-1.897879510088036,-194677.60867766998,-16.979870186222257,40.54,761856,1.25,0.07573559217265294,-94.0,109,93,6966,500.0,-593.0582844794501,1.929940552840169,0.0,-410.5509,46.91,769.21,,,,,,,,,,,,
,,,,,,,770000,,,,,,,,,,,,,,-0.12350668473300175,0.0003,0.39862677,930,-0.18916085362434387,500.0,-209571.0994486,0.0012656977255119273,0.2,0.9084032773971558,-2.9001588083803655,0.71712646484375
703.8416605852352,0.0,0.2372600997475676,-4.82178354684368,-189959.02976486005,-16.359093080959394,11.96,770048,1.04,0.294736626444245,-13.0,108,94,7086,500.0,388.557714123218,5.611130165785889,0.0,-286.7142,9.71,564.9,,,,,,,,,,,,
283.8667697044059,0.0,0.204576368159204,-0.9057984738488605,-186677.72887120006,-16.079680958062234,0.0,778240,0.0,0.2652698019304477,-111.0,108,95,7172,500.0,-12.470276304551815,6.519133422953334,0.0,-174.8707,4.67,24.08,-0.11979530025855638,0.0003,0.38120192,940,-0.17379872500896454,,,0.0011862879835916828,0.2,0.9203392863273621,-2.858435556292534,0.71055908203125
,,,,,,,780000,,,,,,,,,,,,,,-0.12513938967022115,0.0003,0.38279903,950,-0.1888239085674286,500.0,-145454.730659,0.0009852500822034927,0.2,0.9327555894851685,-2.9063870944082737,0.72044677734375
177.890140379074,-0.11048095900456385,0.3243524407785974,-7.551884783587435,-183572.02788813002,-16.218911317597712,0.0,786432,0.93,0.21664646166876309,-39.5,107,96,7289,500.0,-136.45703752307375,4.21769915804197,0.0,-255.18359999999996,3.89,77.61,,,,,,,,,,,,
,,,,,,,790000,,,,,,,,,,,,,,-0.12165494969667634,0.0003,0.3693029,960,-0.17893922328948975,500.0,-176764.24033600002,0.0009280739448968234,0.2,0.9275172352790833,-2.950039455294609,0.72115478515625
6.447065497355675,-9.55393970314227,0.332724338702527,-14.800684479362893,-181371.64604515996,-17.640637668080043,1.28,794624,0.45,0.14819704910096682,-9.0,107,97,7405,500.0,-577.894459105133,0.8032372480964992,0.0,-534.1495000000002,8.0,215.95,,,,,,,,,,,,
,,,,,,,800000,,,,,,,,,,,,,,-0.11474017222426483,0.0003,0.38852394,970,-0.17022804915905,500.0,-199419.8906472,0.001250184074115168,0.2,0.9064980745315552,-2.8490403279662133,0.7047607421875
72.7689656815377,-18.009992832407026,0.39512365400719185,-1.0474231405739594,-185119.61835131,-17.726457307991545,1.1,802816,1.0,0.1325485107130801,-42.0,106,98,7521,500.0,-401.4363049661786,1.8778026332561262,0.0,-397.29920000000004,9.1,266.6,,,,,,,,,,,,
,,,,,,,810000,,,,,,,,,,,,,,-0.11503243977786042,0.0003,0.34853804,980,-0.17203165590763092,500.0,-178722.68065260001,0.0010427343413311973,0.2,0.9113998413085938,-2.956046158820391,0.7018798828125
16.731645589454036,0.0,0.4873247039409822,-6.906642590137438,-180642.54381194,-16.623899335226795,1.0,811008,1.68,0.13267873470600064,-93.0,107,99,7570,500.0,-535.525121943114,1.3484743927962228,0.0,-437.07469999999995,9.01,352.84,,,,,,,,,,,,
53.9520296318497,-0.18007481753602406,0.5174900497512437,-1.4071115936099843,-183790.50424537004,-15.891230427985882,6.5,819200,0.5,0.11665619720556919,-27.0,107,100,7589,500.0,-510.6685354074196,1.4835517998625418,0.0,-521.6257,10.5,461.63,-0.1255536031239899,0.0003,0.40739578,990,-0.1808006465435028,,,0.000951709034529813,0.2,0.9284409880638123,-2.870093834400177,0.72225341796875
,,,,,,,820000,,,,,,,,,,,,,,-0.12714986627470354,0.0003,0.42630777,1000,-0.18754415214061737,500.0,-176156.43998660002,0.0014165794990503855,0.2,0.9072924852371216,-2.885911124199629,0.7227294921875
-3.1260708185481154,-0.6854487667870948,0.5001119402985075,-4.750407732131874,-182931.90213408004,-20.078823947744972,1.0,827392,1.25,0.09664080686772202,-83.5,108,101,7616,500.0,-536.561534444181,1.3750168210310054,0.0,-425.79580000000004,15.04,530.76,,,,,,,,,,,,
,,,,,,,830000,,,,,,,,,,,,,,-0.11704906809172826,0.0003,0.39234316,1010,-0.17136797308921814,500.0,-138372.44549040002,0.0010663514291309184,0.2,0.9143775105476379,-2.9041405759751795,0.7127197265625
12.771212466329407,0.0,0.5418625757351855,-0.3720112206151,-181437.70819942,-18.879903474580843,4.5,835584,1.75,0.09202593880362292,-8.5,109,102,7642,500.0,-459.8523504496602,0.9581517792063459,0.0,-445.8298,19.06,625.37,,,,,,,,,,,,
,,,,,,,840000,,,,,,,,,,,,,,-0.1248068784509087,0.0003,0.4068644,1020,-0.171990767121315,500.0,-163297.00693079998,0.0009172854965072474,0.2,0.9346545338630676,-2.807713537663221,0.7224609375
-0.9867249195436015,0.0,0.5966492145185402,-1.6744278114028521,-181122.23424532,-17.415284143255654,9.0,843776,3.0,0.0902426042671504,-23.5,110,103,7670,500.0,-477.4857313820693,1.1518054921327907,0.0,-435.06109999999995,18.9,657.9,,,,,,,,,,,,
,,,,,,,850000,,,,,,,,,,,,,,-0.1245597122629988,0.0003,0.40388662,1030,-0.18222711980342865,500.0,-175858.30394379998,0.0010983901562667598,0.2,0.901865541934967,-2.8097651176154614,0.72137451171875
-17.258048325689348,-9.293511272813461,0.6186302915384547,-6.382158298322715,-177198.52638159,-17.0284768754268,1.48,851968,2.49,0.08452888123979481,-30.0,110,104,7697,500.0,-449.8961209778124,0.8346737944400315,0.0,-370.7686,23.92,688.14,,,,,,,,,,,,
,,,,,,,860000,,,,,,,,,,,,,,-0.11855259905860294,0.0003,0.4109845,1040,-0.17756852507591248,500.0,-156928.35455979998,0.001060106791578619,0.2,0.9051905274391174,-2.8189565569162367,0.7101806640625
380.8216958386163,0.0,0.15483234077139058,-1.8070651228248564,-183869.19680732,-17.221440791859983,0.0,860160,0.0,0.3406766211048573,-55.0,111,105,7727,500.0,175.90772568703272,7.958035763101334,0.0,-138.8435,1.84,13.84,,,,,,,,,,,,
177.0900928986721,0.0,0.25609083296389346,-0.4209666433216705,-178553.85207798,-18.072964520324106,0.0,868352,0.25,0.21390929283388668,-37.5,112,106,7747,500.0,-134.6086766325393,4.485561632434361,0.0,-260.19039999999995,3.58,82.92,-0.1186623993649846,0.0003,0.42487693,1050,-0.18013425171375275,,,0.001066580683709617,0.2,0.9158985614776611,-2.8089272767305373,0.71109619140625
,,,,,,,870000,,,,,,,,,,,,,,-0.12159666036168346,0.0003,0.39311916,1060,-0.17955616116523743,500.0,-186134.350972,0.001067745532918707,0.2,0.9071053266525269,-2.8524244353175163,0.72003173828125
68.94358469745865,0.0,0.3137054455445545,-0.24383154311013303,-175708.43910678,-17.22682967511703,0.0,876544,0.25,0.1618949768080334,-43.5,112,107,7823,500.0,-262.3385931081629,2.8856834126056263,0.0,-273.19719999999995,3.66,142.46,,,,,,,,,,,,
,,,,,,,880000,,,,,,,,,,,,,,-0.11896710855216952,0.0003,0.42254752,1070,-0.17164629697799683,500.0,-167866.9874826,0.0010097804199176608,0.2,0.9115204811096191,-2.795030900835991,0.70770263671875
26.714554713350534,-9.456613958568648,0.3680061018437226,-4.104561007690801,-175501.43676858,-18.45319941866214,0.02,884736,0.0,0.13820228130296552,-14.5,112,108,7863,500.0,-458.8304006842251,1.2958189873459427,0.0,-440.3264000000001,7.26,239.89,,,,,,,,,,,,
,,,,,,,890000,,,,,,,,,,,,,,-0.12528565440879902,0.0003,0.44359303,1080,-0.17731626331806183,500.0,-176002.262579,0.0010335563697253746,0.2,0.906481921672821,-2.8122573204338552,0.7249755859375
30.673937383549625,-26.85769895368315,0.44777474895677194,-7.472363373549066,-176414.64612747,-18.280262768255508,7.8,892928,2.01,0.13233830372280841,-44.0,113,109,7893,500.0,-522.0250728429044,1.5030148690337648,0.0,-457.5917,8.2,296.97,,,,,,,,,,,,
,,,,,,,900000,,,,,,,,,,,,,,-0.12507838618330425,0.0003,0.4232235,1090,-0.18590284883975983,500.0,-177711.39033539998,0.0010213796465677661,0.2,0.9234541654586792,-2.8083925381302834,0.72421875
9.918060462358243,-27.00303275140473,0.4216004657854949,-11.3305927431855,-178215.16812251005,-16.819987853963305,16.38,901120,1.42,0.10178169375358846,-30.0,113,110,7922,500.0,-532.2494307779241,1.0812221082711728,0.0,-458.0951000000001,10.94,439.93,,,,,,,,,,,,
80.95858994823787,-11.134974262172118,0.5378950182112152,-3.9768651745523647,-178120.78558244996,-18.15548420186584,6.54,909312,0.75,0.11168669783990237,-44.0,114,111,7943,500.0,-345.0651238548742,2.257109835478307,0.0,-351.0134999999999,13.53,387.57,-0.12463745997520163,0.0003,0.4149219,1100,-0.18272878229618073,,,0.0012077972899533051,0.2,0.92170649766922,-2.8632958710193632,0.72298583984375
,,,,,,,910000,,,,,,,,,,,,,,-0.12134969769831513,0.0003,0.46231848,1110,-0.17758533358573914,500.0,-160720.54386499999,0.0009151899976586719,0.2,0.9456504583358765,-2.860604463517666,0.7139404296875
8.428276787891127,-17.82461982546074,0.5146347470567952,-6.437763184677566,-172097.60559662,-16.924517650740157,11.3,917504,2.39,0.09221819619899081,-30.0,115,112,7972,500.0,-419.73364307831457,2.5350807946727145,0.0,-359.51009999999985,18.83,534.25,,,,,,,,,,,,
,,,,,,,920000,,,,,,,,,,,,,,-0.1275239893278922,0.0003,0.44857293,1120,-0.18574780225753784,500.0,-214728.0535728,0.0009531480538043979,0.2,0.9455236792564392,-2.8175556644797326,0.728564453125
29.2189231814448,-36.853787615272516,0.500487157807024,-13.322769507363674,-173461.84333846,-17.673001754465687,7.6,925696,2.59,0.07904017622817829,-20.5,115,113,8001,500.0,-560.411745914279,0.8479897813781916,0.0,-502.12910000000005,18.94,689.29,,,,,,,,,,,,
,,,,,,,930000,,,,,,,,,,,,,,-0.1204669965794892,0.0003,0.4335452,1130,-0.1786981076002121,500.0,-188689.79484140003,0.0009550811302005968,0.2,0.9330599308013916,-2.8025932744145394,0.7186279296875
-14.845093543361607,0.0,0.5124325919905425,-6.4716771840068645,-172792.01823331,-17.505618683424235,16.5,933888,1.29,0.07236421031141925,-13.5,116,114,8030,500.0,-569.5498569678658,1.6363324429268706,0.0,-518.8638,7.75,908.57,,,,,,,,,,,,
,,,,,,,940000,,,,,,,,,,,,,,-0.11970723717240617,0.0003,0.40368056,1140,-0.1750822812318802,500.0,-227986.1424656,0.00122608439837677,0.2,0.9141502380371094,-2.8153680719435217,0.7140869140625
873.1851721752095,-18.75643859725199,0.16396691542288558,-2.8930641319376527,-172507.50291219997,-16.797421113488774,11.88,942080,0.25,0.3872698793853789,-44.5,116,115,8059,500.0,709.3354080551834,9.410059722652349,0.0,-90.31289999999998,3.42,214.17,,,,,,,,,,,,
,,,,,,,950000,,,,,,,,,,,,,,-0.1161769771220861,0.0003,0.42478558,1150,-0.1778755486011505,500.0,-183649.4556242,0.0013433952457035047,0.2,0.911262571811676,-2.8321487717330456,0.71246337890625
314.1847394173408,0.0,0.24156056446253227,-13.883078436726835,-166832.77245592,-16.676406105739794,0.0,950272,0.27,0.27293697901741365,-44.0,117,116,8088,500.0,77.41768901029423,6.663134135420076,0.0,-168.87069999999997,1.94,24.51,,,,,,,,,,,,
160.4425119117869,0.0,0.3290482587064677,-5.748185400497082,-167064.90720782,-15.961469491577583,0.5,958464,1.26,0.20232123206650146,-52.0,118,117,8109,500.0,-133.07657840271372,4.598664577574055,0.0,-224.40810000000002,5.9,102.72,-0.1192428345209919,0.0003,0.42183924,1160,-0.17748482525348663,,,0.0010652030464143535,0.2,0.9216368198394775,-2.879571899026632,0.7077880859375
,,,,,,,960000,,,,,,,,,,,,,,-0.11408768374531064,0.0003,0.39505747,1170,-0.1706109195947647,500.0,-171489.4040998,0.0011665554198316385,0.2,0.919011116027832,-2.7875000074505807,0.7066162109375
78.45229014610862,0.0,0.3599183168316831,-7.4578199219051164,-167362.75150065997,-18.596329274318776,0.0,966656,0.44,0.15180806525562818,-4.5,118,118,8138,500.0,-337.54451780388376,2.849741246231521,0.0,-388.29239999999993,4.0,169.43,,,,,,,,,,,,
,,,,,,,970000,,,,,,,,,,,,,,-0.12130699780100258,0.0003,0.46247077,1180,-0.17417357861995697,500.0,-102039.9275992,0.0010704180614993675,0.2,0.939738929271698,-2.7417634449899198,0.72105712890625
33.4950495986043,-19.059289227187904,0.4280404906162258,-0.8424805796288048,-166574.82696848,-16.903724206301337,2.5,974848,1.5,0.13859230719068383,-12.0,119,119,8167,500.0,-390.1192575124502,2.2114869020634766,0.0,-377.02029999999996,7.75,285.14,,,,,,,,,,,,
,,,,,,,980000,,,,,,,,,,,,,,-0.1169599142653169,0.0003,0.42049745,1190,-0.16902995109558105,500.0,-144182.16671199998,0.0011563751505491381,0.2,0.918179452419281,-2.738109977543354,0.71146240234375
78.29006743899203,0.0,0.3755114135206321,-2.217342414064204,-162197.30664665,-16.015359749942753,3.0,983040,1.75,0.09788460586834331,-37.5,119,120,8195,500.0,-396.77762743161,2.229507293405059,0.0,-421.56450000000007,12.32,402.98,,,,,,,,,,,,
,,,,,,,990000,,,,,,,,,,,,,,-0.12426570335228462,0.0003,0.42667443,1200,-0.17697128653526306,500.0,-184696.1032626,0.0009574036375397555,0.2,0.9422137141227722,-2.7907174795866014,0.7234619140625
2.00499982479965,0.0,0.4105843258952761,0.0,-161002.98966062,-16.332203121248398,6.5,991232,2.5,0.08955132330602296,-24.0,120,121,8224,500.0,-578.659415375142,0.8240879213067933,0.0,-541.1563000000001,10.07,512.3,,,,,,,,,,,,
-26.87701863354037,0.0,0.5073217230678292,-0.01775783134652329,-157896.20785796,-18.876079821071148,9.5,999424,1.25,0.09575490833821179,-17.5,121,122,8245,500.0,-479.36910757601044,1.200948709947566,0.0,-417.29920000000004,17.28,501.51,-0.11930125479411799,0.0003,0.4456719,1210,-0.1821477711200714,,,0.0010346073612026885,0.2,0.9335687160491943,-2.8079802326858045,0.71435546875
,,,,,,,1000000,,,,,,,,,,,,,,-0.12261782675341237,0.0003,0.43415874,1220,-0.17987872660160065,500.0,-175140.6079306,0.0011056690238092416,0.2,0.9390626549720764,-2.7703388802707196,0.7215087890625
18.707975757815003,0.0,0.5822155731244767,-6.017362282910884,-158418.76578755002,-17.749127054123488,6.0,1007616,1.87,0.09702966623847878,-42.5,121,123,8273,500.0,-474.6943335453995,0.9320800338199219,0.0,-428.0679,18.14,608.67,,,,,,,,,,,,
